HIERARCHY
ROOT Hips
{
	OFFSET	0.00	0.00	0.00
	CHANNELS 6 Xposition Yposition Zposition Zrotation Xrotation Yrotation
	JOINT Spine
	{
		OFFSET	 0.000000	 0.059888	 0.006666
		CHANNELS 3 Zrotation Xrotation Yrotation
		JOINT Chest
		{
			OFFSET	 0.000000	 0.125681	-0.015911
			CHANNELS 3 Zrotation Xrotation Yrotation
			JOINT UpperChest
			{
				OFFSET	 0.000000	 0.122768	-0.001652
				CHANNELS 3 Zrotation Xrotation Yrotation
				JOINT Neck
				{
					OFFSET	 0.000000	 0.155865	 0.008735
					CHANNELS 3 Zrotation Xrotation Yrotation
					JOINT Head
					{
						OFFSET	 0.000000	 0.095969	-0.000410
						CHANNELS 3 Zrotation Xrotation Yrotation
						JOINT LeftEye
						{
							OFFSET	 0.015267	 0.059218	 0.021494
							CHANNELS 3 Zrotation Xrotation Yrotation
							End Site
							{
								OFFSET	 0.015267	 0.059218	 0.021494
							}
						}
						JOINT RightEye
						{
							OFFSET	-0.015267	 0.059218	 0.021494
							CHANNELS 3 Zrotation Xrotation Yrotation
							End Site
							{
								OFFSET	-0.015267	 0.059218	 0.021494
							}
						}
					}
				}
				JOINT LeftShoulder
				{
					OFFSET	 0.025383	 0.124268	 0.007699
					CHANNELS 3 Zrotation Xrotation Yrotation
					JOINT LeftUpperArm
					{
						OFFSET	 0.136062	 0.000000	 0.000000
						CHANNELS 3 Zrotation Xrotation Yrotation
						JOINT LeftLowerArm
						{
							OFFSET	 0.225446	 0.000000	 0.000000
							CHANNELS 3 Zrotation Xrotation Yrotation
							JOINT LeftHand
							{
								OFFSET	 0.256325	 0.000003	 0.000015
								CHANNELS 3 Zrotation Xrotation Yrotation
								JOINT LeftIndexProximal
								{
									OFFSET	 0.074229	 0.008101	 0.022282
									CHANNELS 3 Zrotation Xrotation Yrotation
									JOINT LeftIndexIntermediate
									{
										OFFSET	 0.037712	 0.000000	-0.000001
										CHANNELS 3 Zrotation Xrotation Yrotation
										JOINT LeftIndexDistal
										{
											OFFSET	 0.023218	 0.000022	 0.000021
											CHANNELS 3 Zrotation Xrotation Yrotation
											End Site
											{
												OFFSET	 0.023218	 0.000022	 0.000021
											}
										}
									}
								}
								JOINT LeftLittleProximal
								{
									OFFSET	 0.069261	 0.008101	-0.033073
									CHANNELS 3 Zrotation Xrotation Yrotation
									JOINT LeftLittleIntermediate
									{
										OFFSET	 0.035643	 0.000000	 0.000000
										CHANNELS 3 Zrotation Xrotation Yrotation
										JOINT LeftLittleDistal
										{
											OFFSET	 0.020542	 0.000000	 0.000000
											CHANNELS 3 Zrotation Xrotation Yrotation
											End Site
											{
												OFFSET	 0.020542	 0.000000	 0.000000
											}
										}
									}
								}
								JOINT LeftMiddleProximal
								{
									OFFSET	 0.075240	 0.008101	 0.002320
									CHANNELS 3 Zrotation Xrotation Yrotation
									JOINT LeftMiddleIntermediate
									{
										OFFSET	 0.042007	 0.000000	 0.000000
										CHANNELS 3 Zrotation Xrotation Yrotation
										JOINT LeftMiddleDistal
										{
											OFFSET	 0.025915	 0.000000	 0.000000
											CHANNELS 3 Zrotation Xrotation Yrotation
											End Site
											{
												OFFSET	 0.025915	 0.000000	 0.000000
											}
										}
									}
								}
								JOINT LeftRingProximal
								{
									OFFSET	 0.074383	 0.008101	-0.015403
									CHANNELS 3 Zrotation Xrotation Yrotation
									JOINT LeftRingIntermediate
									{
										OFFSET	 0.038967	 0.000000	 0.000000
										CHANNELS 3 Zrotation Xrotation Yrotation
										JOINT LeftRingDistal
										{
											OFFSET	 0.022488	 0.000000	 0.000000
											CHANNELS 3 Zrotation Xrotation Yrotation
											End Site
											{
												OFFSET	 0.022488	 0.000000	 0.000000
											}
										}
									}
								}
								JOINT LeftThumbProximal
								{
									OFFSET	 0.003995	-0.010985	 0.018096
									CHANNELS 3 Zrotation Xrotation Yrotation
									JOINT LeftThumbIntermediate
									{
										OFFSET	 0.052819	-0.000008	-0.000074
										CHANNELS 3 Zrotation Xrotation Yrotation
										JOINT LeftThumbDistal
										{
											OFFSET	 0.032489	 0.000042	-0.000035
											CHANNELS 3 Zrotation Xrotation Yrotation
											End Site
											{
												OFFSET	 0.032489	 0.000042	-0.000035
											}
										}
									}
								}
							}
						}
					}
				}
				JOINT RightShoulder
				{
					OFFSET	-0.025383	 0.124268	 0.007699
					CHANNELS 3 Zrotation Xrotation Yrotation
					JOINT RightUpperArm
					{
						OFFSET	-0.136062	 0.000000	 0.000000
						CHANNELS 3 Zrotation Xrotation Yrotation
						JOINT RightLowerArm
						{
							OFFSET	-0.225446	 0.000000	 0.000000
							CHANNELS 3 Zrotation Xrotation Yrotation
							JOINT RightHand
							{
								OFFSET	-0.256325	 0.000003	 0.000015
								CHANNELS 3 Zrotation Xrotation Yrotation
								JOINT RightIndexProximal
								{
									OFFSET	-0.074229	 0.008101	 0.022282
									CHANNELS 3 Zrotation Xrotation Yrotation
									JOINT RightIndexIntermediate
									{
										OFFSET	-0.037712	 0.000000	-0.000001
										CHANNELS 3 Zrotation Xrotation Yrotation
										JOINT RightIndexDistal
										{
											OFFSET	-0.023218	 0.000022	 0.000021
											CHANNELS 3 Zrotation Xrotation Yrotation
											End Site
											{
												OFFSET	-0.023218	 0.000022	 0.000021
											}
										}
									}
								}
								JOINT RightLittleProximal
								{
									OFFSET	-0.069261	 0.008101	-0.033073
									CHANNELS 3 Zrotation Xrotation Yrotation
									JOINT RightLittleIntermediate
									{
										OFFSET	-0.035643	 0.000000	 0.000000
										CHANNELS 3 Zrotation Xrotation Yrotation
										JOINT RightLittleDistal
										{
											OFFSET	-0.020542	 0.000000	 0.000000
											CHANNELS 3 Zrotation Xrotation Yrotation
											End Site
											{
												OFFSET	-0.020542	 0.000000	 0.000000
											}
										}
									}
								}
								JOINT RightMiddleProximal
								{
									OFFSET	-0.075240	 0.008101	 0.002320
									CHANNELS 3 Zrotation Xrotation Yrotation
									JOINT RightMiddleIntermediate
									{
										OFFSET	-0.042007	 0.000000	 0.000000
										CHANNELS 3 Zrotation Xrotation Yrotation
										JOINT RightMiddleDistal
										{
											OFFSET	-0.025915	 0.000000	 0.000000
											CHANNELS 3 Zrotation Xrotation Yrotation
											End Site
											{
												OFFSET	-0.025915	 0.000000	 0.000000
											}
										}
									}
								}
								JOINT RightRingProximal
								{
									OFFSET	-0.074383	 0.008101	-0.015403
									CHANNELS 3 Zrotation Xrotation Yrotation
									JOINT RightRingIntermediate
									{
										OFFSET	-0.038967	 0.000000	 0.000000
										CHANNELS 3 Zrotation Xrotation Yrotation
										JOINT RightRingDistal
										{
											OFFSET	-0.022488	 0.000000	 0.000000
											CHANNELS 3 Zrotation Xrotation Yrotation
											End Site
											{
												OFFSET	-0.022488	 0.000000	 0.000000
											}
										}
									}
								}
								JOINT RightThumbProximal
								{
									OFFSET	-0.003995	-0.010985	 0.018096
									CHANNELS 3 Zrotation Xrotation Yrotation
									JOINT RightThumbIntermediate
									{
										OFFSET	-0.052819	-0.000008	-0.000074
										CHANNELS 3 Zrotation Xrotation Yrotation
										JOINT RightThumbDistal
										{
											OFFSET	-0.032489	 0.000042	-0.000035
											CHANNELS 3 Zrotation Xrotation Yrotation
											End Site
											{
												OFFSET	-0.032489	 0.000042	-0.000035
											}
										}
									}
								}
							}
						}
					}
				}
			}
		}
	}
	JOINT LeftUpperLeg
	{
		OFFSET	 0.087143	-0.045243	 0.001548
		CHANNELS 3 Zrotation Xrotation Yrotation
		JOINT LeftLowerLeg
		{
			OFFSET	 0.000000	-0.394432	-0.000001
			CHANNELS 3 Zrotation Xrotation Yrotation
			JOINT LeftFoot
			{
				OFFSET	 0.000000	-0.466446	 0.003058
				CHANNELS 3 Zrotation Xrotation Yrotation
				JOINT LeftToes
				{
					OFFSET	 0.000000	-0.079218	 0.140851
					CHANNELS 3 Zrotation Xrotation Yrotation
					End Site
					{
						OFFSET	 0.000000	-0.079218	 0.140851
					}
				}
			}
		}
	}
	JOINT RightUpperLeg
	{
		OFFSET	-0.087143	-0.045243	 0.001548
		CHANNELS 3 Zrotation Xrotation Yrotation
		JOINT RightLowerLeg
		{
			OFFSET	 0.000000	-0.394432	-0.000001
			CHANNELS 3 Zrotation Xrotation Yrotation
			JOINT RightFoot
			{
				OFFSET	 0.000000	-0.466446	 0.003058
				CHANNELS 3 Zrotation Xrotation Yrotation
				JOINT RightToes
				{
					OFFSET	 0.000000	-0.079218	 0.140851
					CHANNELS 3 Zrotation Xrotation Yrotation
					End Site
					{
						OFFSET	 0.000000	-0.079218	 0.140851
					}
				}
			}
		}
	}
}
MOTION
Frames:    78
Frame Time: 0.03333334
 0.000000	 1.032722	 0.003576	 0.000000	 7.212389	 0.000000	 0.000000	 1.466440	 0.000000	 0.000000	-15.658460	-0.000004	-0.000067	-12.397530	-0.000069	 0.000000	 26.225450	 0.000000	-0.000002	-6.229268	 0.000024	-1.701261	 3.587029	 23.098790	 1.701262	 3.587039	-20.847600	-8.577779	 19.176040	 2.836478	 8.098791	-0.000020	 0.000003	-0.000506	 0.000167	-0.000011	 0.000249	 0.000737	 0.000011	-0.012967	 0.667629	 1.112118	-1.679194	 1.282879	 0.674526	-0.334984	 1.286472	-0.711007	 0.000005	-0.000042	 0.000001	 0.000003	 0.000000	 0.000000	 0.890204	-0.008562	-1.101182	 0.000000	-0.000008	-0.000006	 0.000003	 0.000039	-0.000013	 0.000003	 0.000039	-0.000013	 0.000000	 0.000014	 0.000004	 0.000003	 0.000000	 0.000000	-0.712572	-0.008159	 1.310742	 86.198970	 49.487950	-89.646780	-2.573035	-0.739925	 0.463022	 4.590282	-0.705078	-0.717109	 8.577779	 19.176040	-2.836478	-8.098794	-0.000026	 0.000011	 0.000512	 0.000168	 0.000014	-0.000250	 0.000737	-0.000011	 0.012969	 0.667629	-1.112118	 1.679193	 1.282880	-0.674527	 0.334982	 1.286472	 0.711007	-0.000005	-0.000043	-0.000001	-0.000003	 0.000000	 0.000000	-0.890204	-0.008562	 1.101182	 0.000000	-0.000008	 0.000006	-0.000003	 0.000039	 0.000013	-0.000003	 0.000039	 0.000013	 0.000000	 0.000014	-0.000004	-0.000003	 0.000000	 0.000000	 0.712572	-0.008159	-1.310742	-86.198980	 49.487950	 89.646800	 2.573038	-0.739921	-0.463021	-4.590279	-0.705076	 0.717109	-0.000001	-6.013633	-0.000022	 0.000001	 2.614234	-0.000018	 0.000000	-3.498952	 0.000000	 0.000000	 0.248285	 0.000000	 0.000008	-6.013632	 0.000023	-0.000009	 2.614230	-0.000003	 0.000000	-3.498953	 0.000000	 0.000000	 0.248285	 0.000000
 0.000000	 1.032722	 0.003576	 0.000000	 7.212389	 0.000000	 0.000000	 1.466439	 0.000000	 0.000000	-15.658460	-0.000004	-0.000067	-12.397530	-0.000069	 0.000000	 26.225450	 0.000000	-0.000002	-6.229266	 0.000024	-1.701261	 3.587029	 23.098790	 1.701262	 3.587039	-20.847600	-8.577779	 19.176040	 2.836478	 8.098791	-0.000019	 0.000003	-0.000507	 0.000165	-0.000011	 0.000252	 0.000739	 0.000011	-0.012967	 0.667629	 1.112118	-1.679194	 1.282879	 0.674526	-0.334984	 1.286472	-0.711007	 0.000005	-0.000042	 0.000001	 0.000003	 0.000000	 0.000000	 0.890204	-0.008562	-1.101182	 0.000000	-0.000008	-0.000006	 0.000003	 0.000039	-0.000013	 0.000003	 0.000039	-0.000013	 0.000000	 0.000014	 0.000004	 0.000003	 0.000000	 0.000000	-0.712572	-0.008159	 1.310742	 86.198970	 49.487950	-89.646780	-2.573035	-0.739925	 0.463022	 4.590282	-0.705078	-0.717109	 8.577779	 19.176040	-2.836478	-8.098794	-0.000023	 0.000011	 0.000515	 0.000165	 0.000014	-0.000253	 0.000742	-0.000011	 0.012969	 0.667629	-1.112118	 1.679193	 1.282880	-0.674527	 0.334982	 1.286472	 0.711007	-0.000005	-0.000043	-0.000001	-0.000003	 0.000000	 0.000000	-0.890204	-0.008562	 1.101182	 0.000000	-0.000008	 0.000006	-0.000003	 0.000039	 0.000013	-0.000003	 0.000039	 0.000013	 0.000000	 0.000014	-0.000004	-0.000003	 0.000000	 0.000000	 0.712572	-0.008159	-1.310742	-86.198980	 49.487950	 89.646800	 2.573038	-0.739921	-0.463021	-4.590279	-0.705076	 0.717109	-0.000001	-6.013633	-0.000022	 0.000001	 2.614234	-0.000018	 0.000000	-3.498952	 0.000000	 0.000000	 0.248285	 0.000000	 0.000008	-6.013632	 0.000023	-0.000009	 2.614230	-0.000003	 0.000000	-3.498953	 0.000000	 0.000000	 0.248285	 0.000000
 0.000000	 1.032722	 0.003576	 0.000000	 7.212389	 0.000000	 0.000000	 1.466438	 0.000000	 0.000000	-15.658460	-0.000004	-0.000067	-12.397530	-0.000069	 0.000000	 26.225450	 0.000000	-0.000002	-6.229268	 0.000024	-1.701261	 3.587029	 23.098790	 1.701262	 3.587039	-20.847600	-8.577779	 19.176040	 2.836478	 8.098791	-0.000013	 0.000003	-0.000508	 0.000160	-0.000011	 0.000254	 0.000742	 0.000010	-0.012967	 0.667629	 1.112118	-1.679194	 1.282879	 0.674526	-0.334984	 1.286472	-0.711007	 0.000005	-0.000042	 0.000001	 0.000003	 0.000000	 0.000000	 0.890204	-0.008562	-1.101182	 0.000000	-0.000008	-0.000006	 0.000003	 0.000039	-0.000013	 0.000003	 0.000039	-0.000013	 0.000000	 0.000014	 0.000004	 0.000003	 0.000000	 0.000000	-0.712572	-0.008159	 1.310742	 86.198970	 49.487950	-89.646780	-2.573035	-0.739925	 0.463022	 4.590282	-0.705078	-0.717109	 8.577779	 19.176040	-2.836478	-8.098795	-0.000023	 0.000011	 0.000517	 0.000165	 0.000014	-0.000255	 0.000744	-0.000011	 0.012969	 0.667629	-1.112118	 1.679193	 1.282880	-0.674527	 0.334982	 1.286472	 0.711007	-0.000005	-0.000043	-0.000001	-0.000003	 0.000000	 0.000000	-0.890204	-0.008562	 1.101182	 0.000000	-0.000008	 0.000006	-0.000003	 0.000039	 0.000013	-0.000003	 0.000039	 0.000013	 0.000000	 0.000014	-0.000004	-0.000003	 0.000000	 0.000000	 0.712572	-0.008159	-1.310742	-86.198980	 49.487950	 89.646800	 2.573038	-0.739921	-0.463021	-4.590279	-0.705076	 0.717109	-0.000001	-6.013633	-0.000022	 0.000001	 2.614234	-0.000018	 0.000000	-3.498952	 0.000000	 0.000000	 0.248285	 0.000000	 0.000008	-6.013632	 0.000023	-0.000009	 2.614229	-0.000003	 0.000000	-3.498953	 0.000000	 0.000000	 0.248285	 0.000000
 0.000000	 1.032722	 0.003576	 0.000000	 7.212389	 0.000000	 0.000000	 1.466437	 0.000000	 0.000000	-15.658460	-0.000004	-0.000067	-12.397530	-0.000069	 0.000000	 26.225450	 0.000000	-0.000002	-6.229266	 0.000024	-1.701261	 3.587029	 23.098790	 1.701262	 3.587039	-20.847600	-8.577779	 19.176040	 2.836478	 8.098791	-0.000008	 0.000003	-0.000509	 0.000155	-0.000011	 0.000255	 0.000745	 0.000011	-0.012967	 0.667629	 1.112118	-1.679194	 1.282879	 0.674526	-0.334984	 1.286472	-0.711007	 0.000005	-0.000042	 0.000001	 0.000003	 0.000000	 0.000000	 0.890204	-0.008562	-1.101182	 0.000000	-0.000008	-0.000006	 0.000003	 0.000039	-0.000013	 0.000003	 0.000039	-0.000013	 0.000000	 0.000014	 0.000004	 0.000003	 0.000000	 0.000000	-0.712572	-0.008159	 1.310742	 86.198970	 49.487950	-89.646780	-2.573035	-0.739925	 0.463022	 4.590282	-0.705078	-0.717109	 8.577779	 19.176040	-2.836478	-8.098796	-0.000023	 0.000011	 0.000518	 0.000165	 0.000014	-0.000257	 0.000745	-0.000011	 0.012969	 0.667629	-1.112118	 1.679193	 1.282880	-0.674527	 0.334982	 1.286472	 0.711007	-0.000005	-0.000043	-0.000001	-0.000003	 0.000000	 0.000000	-0.890204	-0.008562	 1.101182	 0.000000	-0.000008	 0.000006	-0.000003	 0.000039	 0.000013	-0.000003	 0.000039	 0.000013	 0.000000	 0.000014	-0.000004	-0.000003	 0.000000	 0.000000	 0.712572	-0.008159	-1.310742	-86.198980	 49.487950	 89.646800	 2.573038	-0.739921	-0.463021	-4.590279	-0.705076	 0.717109	-0.000001	-6.013633	-0.000022	 0.000001	 2.614234	-0.000018	 0.000000	-3.498952	 0.000000	 0.000000	 0.248285	 0.000000	 0.000008	-6.013632	 0.000023	-0.000009	 2.614228	-0.000003	 0.000000	-3.498953	 0.000000	 0.000000	 0.248285	 0.000000
 0.000000	 1.032722	 0.003576	 0.000000	 7.212389	 0.000000	 0.000000	 1.466437	 0.000000	 0.000000	-15.658460	-0.000004	-0.000067	-12.397530	-0.000069	 0.000000	 26.225450	 0.000000	-0.000002	-6.229268	 0.000024	-1.701261	 3.587029	 23.098790	 1.701262	 3.587039	-20.847600	-8.577779	 19.176040	 2.836478	 8.098792	-0.000003	 0.000003	-0.000511	 0.000150	-0.000011	 0.000257	 0.000749	 0.000011	-0.012967	 0.667629	 1.112118	-1.679194	 1.282879	 0.674526	-0.334984	 1.286472	-0.711007	 0.000005	-0.000042	 0.000001	 0.000003	 0.000000	 0.000000	 0.890204	-0.008562	-1.101182	 0.000000	-0.000008	-0.000006	 0.000003	 0.000039	-0.000013	 0.000003	 0.000039	-0.000013	 0.000000	 0.000014	 0.000004	 0.000003	 0.000000	 0.000000	-0.712572	-0.008159	 1.310742	 86.198970	 49.487950	-89.646780	-2.573035	-0.739925	 0.463022	 4.590282	-0.705078	-0.717109	 8.577779	 19.176040	-2.836478	-8.098796	-0.000021	 0.000011	 0.000518	 0.000163	 0.000014	-0.000258	 0.000747	-0.000011	 0.012969	 0.667629	-1.112118	 1.679193	 1.282880	-0.674527	 0.334982	 1.286472	 0.711007	-0.000005	-0.000043	-0.000001	-0.000003	 0.000000	 0.000000	-0.890204	-0.008562	 1.101182	 0.000000	-0.000008	 0.000006	-0.000003	 0.000039	 0.000013	-0.000003	 0.000039	 0.000013	 0.000000	 0.000014	-0.000004	-0.000003	 0.000000	 0.000000	 0.712572	-0.008159	-1.310742	-86.198980	 49.487950	 89.646800	 2.573038	-0.739921	-0.463021	-4.590279	-0.705076	 0.717109	-0.000001	-6.013633	-0.000022	 0.000001	 2.614234	-0.000018	 0.000000	-3.498952	 0.000000	 0.000000	 0.248285	 0.000000	 0.000008	-6.013632	 0.000023	-0.000009	 2.614227	-0.000003	 0.000000	-3.498953	 0.000000	 0.000000	 0.248285	 0.000000
 0.000000	 1.032722	 0.003576	 0.000000	 7.212389	 0.000000	 0.000000	 1.466436	 0.000000	 0.000000	-15.658460	-0.000004	-0.000067	-12.397530	-0.000069	 0.000000	 26.225450	 0.000000	-0.000002	-6.229266	 0.000024	-1.701261	 3.587029	 23.098790	 1.701262	 3.587039	-20.847600	-8.577779	 19.176040	 2.836478	 8.098792	 0.000000	 0.000003	-0.000511	 0.000146	-0.000011	 0.000258	 0.000752	 0.000011	-0.012967	 0.667629	 1.112118	-1.679194	 1.282879	 0.674526	-0.334984	 1.286472	-0.711007	 0.000005	-0.000042	 0.000001	 0.000003	 0.000000	 0.000000	 0.890204	-0.008562	-1.101182	 0.000000	-0.000008	-0.000006	 0.000003	 0.000039	-0.000013	 0.000003	 0.000039	-0.000013	 0.000000	 0.000014	 0.000004	 0.000003	 0.000000	 0.000000	-0.712572	-0.008159	 1.310742	 86.198970	 49.487950	-89.646780	-2.573035	-0.739925	 0.463022	 4.590282	-0.705078	-0.717109	 8.577779	 19.176040	-2.836478	-8.098795	-0.000021	 0.000011	 0.000517	 0.000163	 0.000014	-0.000259	 0.000751	-0.000011	 0.012969	 0.667629	-1.112118	 1.679193	 1.282880	-0.674527	 0.334982	 1.286472	 0.711007	-0.000005	-0.000043	-0.000001	-0.000003	 0.000000	 0.000000	-0.890204	-0.008562	 1.101182	 0.000000	-0.000008	 0.000006	-0.000003	 0.000039	 0.000013	-0.000003	 0.000039	 0.000013	 0.000000	 0.000014	-0.000004	-0.000003	 0.000000	 0.000000	 0.712572	-0.008159	-1.310742	-86.198980	 49.487950	 89.646800	 2.573038	-0.739921	-0.463021	-4.590279	-0.705076	 0.717109	-0.000001	-6.013633	-0.000022	 0.000001	 2.614234	-0.000018	 0.000000	-3.498952	 0.000000	 0.000000	 0.248285	 0.000000	 0.000008	-6.013632	 0.000023	-0.000009	 2.614226	-0.000003	 0.000000	-3.498953	 0.000000	 0.000000	 0.248285	 0.000000
 0.000000	 1.032722	 0.003576	 0.000000	 7.212389	 0.000000	 0.000000	 1.466435	 0.000000	 0.000000	-15.658460	-0.000004	-0.000067	-12.397530	-0.000069	 0.000000	 26.225450	 0.000000	-0.000002	-6.229268	 0.000024	-1.701261	 3.587029	 23.098790	 1.701262	 3.587039	-20.847600	-8.577779	 19.176040	 2.836478	 8.098793	 0.000004	 0.000003	-0.000512	 0.000145	-0.000011	 0.000258	 0.000751	 0.000011	-0.012967	 0.667629	 1.112118	-1.679194	 1.282879	 0.674526	-0.334984	 1.286472	-0.711007	 0.000005	-0.000042	 0.000001	 0.000003	 0.000000	 0.000000	 0.890204	-0.008562	-1.101182	 0.000000	-0.000008	-0.000006	 0.000003	 0.000039	-0.000013	 0.000003	 0.000039	-0.000013	 0.000000	 0.000014	 0.000004	 0.000003	 0.000000	 0.000000	-0.712572	-0.008159	 1.310742	 86.198970	 49.487950	-89.646780	-2.573035	-0.739925	 0.463022	 4.590282	-0.705078	-0.717109	 8.577779	 19.176040	-2.836478	-8.098795	-0.000021	 0.000011	 0.000517	 0.000165	 0.000014	-0.000260	 0.000751	-0.000011	 0.012969	 0.667629	-1.112118	 1.679193	 1.282880	-0.674527	 0.334982	 1.286472	 0.711007	-0.000005	-0.000043	-0.000001	-0.000003	 0.000000	 0.000000	-0.890204	-0.008562	 1.101182	 0.000000	-0.000008	 0.000006	-0.000003	 0.000039	 0.000013	-0.000003	 0.000039	 0.000013	 0.000000	 0.000014	-0.000004	-0.000003	 0.000000	 0.000000	 0.712572	-0.008159	-1.310742	-86.198980	 49.487950	 89.646800	 2.573038	-0.739921	-0.463021	-4.590279	-0.705076	 0.717109	-0.000001	-6.013633	-0.000022	 0.000001	 2.614234	-0.000018	 0.000000	-3.498952	 0.000000	 0.000000	 0.248285	 0.000000	 0.000008	-6.013632	 0.000023	-0.000009	 2.614225	-0.000003	 0.000000	-3.498953	 0.000000	 0.000000	 0.248285	 0.000000
 0.000000	 1.032722	 0.003576	 0.000000	 7.212389	 0.000000	 0.000000	 1.466434	 0.000000	 0.000000	-15.658460	-0.000004	-0.000067	-12.397530	-0.000069	 0.000000	 26.225450	 0.000000	-0.000002	-6.229266	 0.000024	-1.701261	 3.587029	 23.098790	 1.701262	 3.587039	-20.847600	-8.577779	 19.176040	 2.836478	 8.098794	 0.000007	 0.000003	-0.000513	 0.000141	-0.000010	 0.000259	 0.000751	 0.000011	-0.012967	 0.667629	 1.112118	-1.679194	 1.282879	 0.674526	-0.334984	 1.286472	-0.711007	 0.000005	-0.000042	 0.000001	 0.000003	 0.000000	 0.000000	 0.890204	-0.008562	-1.101182	 0.000000	-0.000008	-0.000006	 0.000003	 0.000039	-0.000013	 0.000003	 0.000039	-0.000013	 0.000000	 0.000014	 0.000004	 0.000003	 0.000000	 0.000000	-0.712572	-0.008159	 1.310742	 86.198970	 49.487950	-89.646780	-2.573035	-0.739925	 0.463022	 4.590282	-0.705078	-0.717109	 8.577779	 19.176040	-2.836478	-8.098794	-0.000021	 0.000011	 0.000517	 0.000165	 0.000014	-0.000261	 0.000754	-0.000011	 0.012969	 0.667629	-1.112118	 1.679193	 1.282880	-0.674527	 0.334982	 1.286472	 0.711007	-0.000005	-0.000043	-0.000001	-0.000003	 0.000000	 0.000000	-0.890204	-0.008562	 1.101182	 0.000000	-0.000008	 0.000006	-0.000003	 0.000039	 0.000013	-0.000003	 0.000039	 0.000013	 0.000000	 0.000014	-0.000004	-0.000003	 0.000000	 0.000000	 0.712572	-0.008159	-1.310742	-86.198980	 49.487950	 89.646800	 2.573038	-0.739921	-0.463021	-4.590279	-0.705076	 0.717109	-0.000001	-6.013633	-0.000022	 0.000001	 2.614234	-0.000018	 0.000000	-3.498952	 0.000000	 0.000000	 0.248285	 0.000000	 0.000008	-6.013632	 0.000023	-0.000009	 2.614225	-0.000003	 0.000000	-3.498953	 0.000000	 0.000000	 0.248285	 0.000000
 0.000000	 1.032722	 0.003576	 0.000000	 7.212389	 0.000000	 0.000000	 1.466433	 0.000000	 0.000000	-15.658460	-0.000004	-0.000067	-12.397530	-0.000069	 0.000000	 26.225450	 0.000000	-0.000002	-6.229268	 0.000024	-1.701261	 3.587029	 23.098790	 1.701262	 3.587039	-20.847600	-8.577779	 19.176040	 2.836478	 8.098794	 0.000009	 0.000003	-0.000513	 0.000141	-0.000011	 0.000259	 0.000749	 0.000011	-0.012967	 0.667629	 1.112118	-1.679194	 1.282879	 0.674526	-0.334984	 1.286472	-0.711007	 0.000005	-0.000042	 0.000001	 0.000003	 0.000000	 0.000000	 0.890204	-0.008562	-1.101182	 0.000000	-0.000008	-0.000006	 0.000003	 0.000039	-0.000013	 0.000003	 0.000039	-0.000013	 0.000000	 0.000014	 0.000004	 0.000003	 0.000000	 0.000000	-0.712572	-0.008159	 1.310742	 86.198970	 49.487950	-89.646780	-2.573035	-0.739925	 0.463022	 4.590282	-0.705078	-0.717109	 8.577779	 19.176040	-2.836478	-8.098794	-0.000021	 0.000011	 0.000517	 0.000167	 0.000014	-0.000262	 0.000752	-0.000011	 0.012969	 0.667629	-1.112118	 1.679193	 1.282880	-0.674527	 0.334982	 1.286472	 0.711007	-0.000005	-0.000043	-0.000001	-0.000003	 0.000000	 0.000000	-0.890204	-0.008562	 1.101182	 0.000000	-0.000008	 0.000006	-0.000003	 0.000039	 0.000013	-0.000003	 0.000039	 0.000013	 0.000000	 0.000014	-0.000004	-0.000003	 0.000000	 0.000000	 0.712572	-0.008159	-1.310742	-86.198980	 49.487950	 89.646800	 2.573038	-0.739921	-0.463021	-4.590279	-0.705076	 0.717109	-0.000001	-6.013633	-0.000022	 0.000001	 2.614234	-0.000018	 0.000000	-3.498952	 0.000000	 0.000000	 0.248285	 0.000000	 0.000008	-6.013632	 0.000023	-0.000009	 2.614224	-0.000003	 0.000000	-3.498953	 0.000000	 0.000000	 0.248285	 0.000000
 0.000000	 1.032722	 0.003576	 0.000000	 7.212389	 0.000000	 0.000000	 1.466432	 0.000000	 0.000000	-15.658460	-0.000004	-0.000067	-12.397530	-0.000069	 0.000000	 26.225450	 0.000000	-0.000002	-6.229266	 0.000024	-1.701261	 3.587029	 23.098790	 1.701262	 3.587039	-20.847600	-8.577779	 19.176040	 2.836478	 8.098795	 0.000010	 0.000003	-0.000513	 0.000140	-0.000011	 0.000259	 0.000749	 0.000011	-0.012967	 0.667629	 1.112118	-1.679194	 1.282879	 0.674526	-0.334984	 1.286472	-0.711007	 0.000005	-0.000042	 0.000001	 0.000003	 0.000000	 0.000000	 0.890204	-0.008562	-1.101182	 0.000000	-0.000008	-0.000006	 0.000003	 0.000039	-0.000013	 0.000003	 0.000039	-0.000013	 0.000000	 0.000014	 0.000004	 0.000003	 0.000000	 0.000000	-0.712572	-0.008159	 1.310742	 86.198970	 49.487950	-89.646780	-2.573035	-0.739925	 0.463022	 4.590282	-0.705078	-0.717109	 8.577779	 19.176040	-2.836478	-8.098794	-0.000021	 0.000011	 0.000517	 0.000167	 0.000014	-0.000264	 0.000756	-0.000011	 0.012969	 0.667629	-1.112118	 1.679193	 1.282880	-0.674527	 0.334982	 1.286472	 0.711007	-0.000005	-0.000043	-0.000001	-0.000003	 0.000000	 0.000000	-0.890204	-0.008562	 1.101182	 0.000000	-0.000008	 0.000006	-0.000003	 0.000039	 0.000013	-0.000003	 0.000039	 0.000013	 0.000000	 0.000014	-0.000004	-0.000003	 0.000000	 0.000000	 0.712572	-0.008159	-1.310742	-86.198980	 49.487950	 89.646800	 2.573038	-0.739921	-0.463021	-4.590279	-0.705076	 0.717109	-0.000001	-6.013633	-0.000022	 0.000001	 2.614234	-0.000018	 0.000000	-3.498952	 0.000000	 0.000000	 0.248285	 0.000000	 0.000008	-6.013632	 0.000023	-0.000009	 2.614223	-0.000003	 0.000000	-3.498953	 0.000000	 0.000000	 0.248285	 0.000000
 0.000000	 1.032722	 0.003576	 0.000000	 7.212389	 0.000000	 0.000000	 1.466431	 0.000000	 0.000000	-15.658460	-0.000004	-0.000067	-12.397530	-0.000069	 0.000000	 26.225450	 0.000000	-0.000002	-6.229268	 0.000024	-1.701261	 3.587029	 23.098790	 1.701262	 3.587039	-20.847600	-8.577779	 19.176040	 2.836478	 8.098796	 0.000012	 0.000003	-0.000513	 0.000140	-0.000011	 0.000259	 0.000747	 0.000011	-0.012967	 0.667629	 1.112118	-1.679194	 1.282879	 0.674526	-0.334984	 1.286472	-0.711007	 0.000005	-0.000042	 0.000001	 0.000003	 0.000000	 0.000000	 0.890204	-0.008562	-1.101182	 0.000000	-0.000008	-0.000006	 0.000003	 0.000039	-0.000013	 0.000003	 0.000039	-0.000013	 0.000000	 0.000014	 0.000004	 0.000003	 0.000000	 0.000000	-0.712572	-0.008159	 1.310742	 86.198970	 49.487950	-89.646780	-2.573035	-0.739925	 0.463022	 4.590282	-0.705078	-0.717109	 8.577779	 19.176040	-2.836478	-8.098794	-0.000021	 0.000011	 0.000517	 0.000169	 0.000014	-0.000264	 0.000754	-0.000011	 0.012969	 0.667629	-1.112118	 1.679193	 1.282880	-0.674527	 0.334982	 1.286472	 0.711007	-0.000005	-0.000043	-0.000001	-0.000003	 0.000000	 0.000000	-0.890204	-0.008562	 1.101182	 0.000000	-0.000008	 0.000006	-0.000003	 0.000039	 0.000013	-0.000003	 0.000039	 0.000013	 0.000000	 0.000014	-0.000004	-0.000003	 0.000000	 0.000000	 0.712572	-0.008159	-1.310742	-86.198980	 49.487950	 89.646800	 2.573038	-0.739921	-0.463021	-4.590279	-0.705076	 0.717109	-0.000001	-6.013633	-0.000022	 0.000001	 2.614234	-0.000018	 0.000000	-3.498952	 0.000000	 0.000000	 0.248285	 0.000000	 0.000008	-6.013632	 0.000023	-0.000009	 2.614222	-0.000003	 0.000000	-3.498953	 0.000000	 0.000000	 0.248285	 0.000000
 0.000000	 1.032722	 0.003576	 0.000000	 7.212389	 0.000000	 0.000000	 1.466431	 0.000000	 0.000000	-15.658460	-0.000004	-0.000067	-12.397530	-0.000069	 0.000000	 26.225450	 0.000000	-0.000002	-6.229264	 0.000024	-1.701261	 3.587029	 23.098790	 1.701262	 3.587039	-20.847600	-8.577779	 19.176040	 2.836478	 8.098797	 0.000014	 0.000004	-0.000513	 0.000138	-0.000011	 0.000259	 0.000747	 0.000011	-0.012967	 0.667629	 1.112118	-1.679194	 1.282879	 0.674526	-0.334984	 1.286472	-0.711007	 0.000005	-0.000042	 0.000001	 0.000003	 0.000000	 0.000000	 0.890204	-0.008562	-1.101182	 0.000000	-0.000008	-0.000006	 0.000003	 0.000039	-0.000013	 0.000003	 0.000039	-0.000013	 0.000000	 0.000014	 0.000004	 0.000003	 0.000000	 0.000000	-0.712572	-0.008159	 1.310742	 86.198970	 49.487950	-89.646780	-2.573035	-0.739925	 0.463022	 4.590282	-0.705078	-0.717109	 8.577779	 19.176040	-2.836478	-8.098793	-0.000021	 0.000011	 0.000517	 0.000169	 0.000013	-0.000265	 0.000757	-0.000010	 0.012969	 0.667629	-1.112118	 1.679193	 1.282880	-0.674527	 0.334982	 1.286472	 0.711007	-0.000005	-0.000043	-0.000001	-0.000003	 0.000000	 0.000000	-0.890204	-0.008562	 1.101182	 0.000000	-0.000008	 0.000006	-0.000003	 0.000039	 0.000013	-0.000003	 0.000039	 0.000013	 0.000000	 0.000014	-0.000004	-0.000003	 0.000000	 0.000000	 0.712572	-0.008159	-1.310742	-86.198980	 49.487950	 89.646800	 2.573038	-0.739921	-0.463021	-4.590279	-0.705076	 0.717109	-0.000001	-6.013633	-0.000022	 0.000001	 2.614234	-0.000018	 0.000000	-3.498952	 0.000000	 0.000000	 0.248285	 0.000000	 0.000008	-6.013632	 0.000023	-0.000009	 2.614221	-0.000003	 0.000000	-3.498953	 0.000000	 0.000000	 0.248285	 0.000000
 0.000000	 1.032722	 0.003576	 0.000000	 7.212389	 0.000000	 0.000000	 1.466430	 0.000000	 0.000000	-15.658460	-0.000004	-0.000067	-12.397530	-0.000069	 0.000000	 26.225450	 0.000000	-0.000002	-6.229261	 0.000024	-1.701261	 3.587029	 23.098790	 1.701262	 3.587039	-20.847600	-8.577779	 19.176040	 2.836478	 8.098798	 0.000016	 0.000004	-0.000513	 0.000138	-0.000011	 0.000259	 0.000745	 0.000011	-0.012967	 0.667629	 1.112118	-1.679194	 1.282879	 0.674526	-0.334984	 1.286472	-0.711007	 0.000005	-0.000042	 0.000001	 0.000003	 0.000000	 0.000000	 0.890204	-0.008562	-1.101182	 0.000000	-0.000008	-0.000006	 0.000003	 0.000039	-0.000013	 0.000003	 0.000039	-0.000013	 0.000000	 0.000014	 0.000004	 0.000003	 0.000000	 0.000000	-0.712572	-0.008159	 1.310742	 86.198970	 49.487950	-89.646780	-2.573035	-0.739925	 0.463022	 4.590282	-0.705078	-0.717109	 8.577779	 19.176040	-2.836478	-8.098793	-0.000021	 0.000011	 0.000516	 0.000170	 0.000013	-0.000263	 0.000757	-0.000010	 0.012969	 0.667629	-1.112118	 1.679193	 1.282880	-0.674527	 0.334982	 1.286472	 0.711007	-0.000005	-0.000043	-0.000001	-0.000003	 0.000000	 0.000000	-0.890204	-0.008562	 1.101182	 0.000000	-0.000008	 0.000006	-0.000003	 0.000039	 0.000013	-0.000003	 0.000039	 0.000013	 0.000000	 0.000014	-0.000004	-0.000003	 0.000000	 0.000000	 0.712572	-0.008159	-1.310742	-86.198980	 49.487950	 89.646800	 2.573038	-0.739921	-0.463021	-4.590279	-0.705076	 0.717109	-0.000001	-6.013633	-0.000022	 0.000001	 2.614234	-0.000018	 0.000000	-3.498952	 0.000000	 0.000000	 0.248285	 0.000000	 0.000008	-6.013632	 0.000023	-0.000009	 2.614220	-0.000003	 0.000000	-3.498953	 0.000000	 0.000000	 0.248285	 0.000000
 0.000000	 1.032722	 0.003576	 0.000000	 7.212389	 0.000000	 0.000000	 1.466429	 0.000000	 0.000000	-15.658460	-0.000004	-0.000067	-12.397530	-0.000069	 0.000000	 26.225450	 0.000000	-0.000002	-6.229257	 0.000024	-1.701261	 3.587029	 23.098790	 1.701262	 3.587039	-20.847600	-8.577779	 19.176040	 2.836478	 8.098799	 0.000017	 0.000004	-0.000513	 0.000136	-0.000011	 0.000259	 0.000745	 0.000011	-0.012967	 0.667629	 1.112118	-1.679194	 1.282879	 0.674526	-0.334984	 1.286472	-0.711007	 0.000005	-0.000042	 0.000001	 0.000003	 0.000000	 0.000000	 0.890204	-0.008562	-1.101182	 0.000000	-0.000008	-0.000006	 0.000003	 0.000039	-0.000013	 0.000003	 0.000039	-0.000013	 0.000000	 0.000014	 0.000004	 0.000003	 0.000000	 0.000000	-0.712572	-0.008159	 1.310742	 86.198970	 49.487950	-89.646780	-2.573035	-0.739925	 0.463022	 4.590282	-0.705078	-0.717109	 8.577779	 19.176040	-2.836478	-8.098792	-0.000021	 0.000011	 0.000516	 0.000169	 0.000013	-0.000264	 0.000762	-0.000010	 0.012969	 0.667629	-1.112118	 1.679193	 1.282880	-0.674527	 0.334982	 1.286472	 0.711007	-0.000005	-0.000043	-0.000001	-0.000003	 0.000000	 0.000000	-0.890204	-0.008562	 1.101182	 0.000000	-0.000008	 0.000006	-0.000003	 0.000039	 0.000013	-0.000003	 0.000039	 0.000013	 0.000000	 0.000014	-0.000004	-0.000003	 0.000000	 0.000000	 0.712572	-0.008159	-1.310742	-86.198980	 49.487950	 89.646800	 2.573038	-0.739921	-0.463021	-4.590279	-0.705076	 0.717109	-0.000001	-6.013633	-0.000022	 0.000001	 2.614234	-0.000018	 0.000000	-3.498952	 0.000000	 0.000000	 0.248285	 0.000000	 0.000008	-6.013632	 0.000023	-0.000009	 2.614219	-0.000003	 0.000000	-3.498953	 0.000000	 0.000000	 0.248285	 0.000000
 0.000000	 1.032722	 0.003576	 0.000000	 7.212389	 0.000000	 0.000000	 1.466428	 0.000000	 0.000000	-15.658460	-0.000004	-0.000067	-12.397530	-0.000069	 0.000000	 26.225450	 0.000000	-0.000002	-6.229252	 0.000024	-1.701261	 3.587029	 23.098790	 1.701262	 3.587039	-20.847600	-8.577779	 19.176040	 2.836478	 8.098799	 0.000021	 0.000004	-0.000511	 0.000136	-0.000011	 0.000257	 0.000744	 0.000011	-0.012967	 0.667629	 1.112118	-1.679194	 1.282879	 0.674526	-0.334984	 1.286472	-0.711007	 0.000005	-0.000042	 0.000001	 0.000003	 0.000000	 0.000000	 0.890204	-0.008562	-1.101182	 0.000000	-0.000008	-0.000006	 0.000003	 0.000039	-0.000013	 0.000003	 0.000039	-0.000013	 0.000000	 0.000014	 0.000004	 0.000003	 0.000000	 0.000000	-0.712572	-0.008159	 1.310742	 86.198970	 49.487950	-89.646780	-2.573035	-0.739925	 0.463022	 4.590282	-0.705078	-0.717109	 8.577779	 19.176040	-2.836478	-8.098792	-0.000020	 0.000011	 0.000514	 0.000170	 0.000013	-0.000262	 0.000762	-0.000010	 0.012969	 0.667629	-1.112118	 1.679193	 1.282880	-0.674527	 0.334982	 1.286472	 0.711007	-0.000005	-0.000043	-0.000001	-0.000003	 0.000000	 0.000000	-0.890204	-0.008562	 1.101182	 0.000000	-0.000008	 0.000006	-0.000003	 0.000039	 0.000013	-0.000003	 0.000039	 0.000013	 0.000000	 0.000014	-0.000004	-0.000003	 0.000000	 0.000000	 0.712572	-0.008159	-1.310742	-86.198980	 49.487950	 89.646800	 2.573038	-0.739921	-0.463021	-4.590279	-0.705076	 0.717109	-0.000001	-6.013633	-0.000022	 0.000001	 2.614234	-0.000018	 0.000000	-3.498952	 0.000000	 0.000000	 0.248285	 0.000000	 0.000008	-6.013632	 0.000023	-0.000009	 2.614219	-0.000003	 0.000000	-3.498953	 0.000000	 0.000000	 0.248285	 0.000000
 0.000000	 1.032722	 0.003576	 0.000000	 7.212389	 0.000000	 0.000000	 1.466427	 0.000000	 0.000000	-15.658460	-0.000004	-0.000067	-12.397530	-0.000069	 0.000000	 26.225450	 0.000000	-0.000002	-6.229250	 0.000024	-1.701261	 3.587029	 23.098790	 1.701262	 3.587039	-20.847600	-8.577779	 19.176040	 2.836478	 8.098799	 0.000026	 0.000004	-0.000511	 0.000131	-0.000011	 0.000257	 0.000749	 0.000011	-0.012967	 0.667629	 1.112118	-1.679194	 1.282879	 0.674526	-0.334984	 1.286472	-0.711007	 0.000005	-0.000042	 0.000001	 0.000003	 0.000000	 0.000000	 0.890204	-0.008562	-1.101182	 0.000000	-0.000008	-0.000006	 0.000003	 0.000039	-0.000013	 0.000003	 0.000039	-0.000013	 0.000000	 0.000014	 0.000004	 0.000003	 0.000000	 0.000000	-0.712572	-0.008159	 1.310742	 86.198970	 49.487950	-89.646780	-2.573035	-0.739925	 0.463022	 4.590282	-0.705078	-0.717109	 8.577779	 19.176040	-2.836478	-8.098793	-0.000014	 0.000011	 0.000514	 0.000165	 0.000013	-0.000261	 0.000768	-0.000009	 0.012969	 0.667629	-1.112118	 1.679193	 1.282880	-0.674527	 0.334982	 1.286472	 0.711007	-0.000005	-0.000043	-0.000001	-0.000003	 0.000000	 0.000000	-0.890204	-0.008562	 1.101182	 0.000000	-0.000008	 0.000006	-0.000003	 0.000039	 0.000013	-0.000003	 0.000039	 0.000013	 0.000000	 0.000014	-0.000004	-0.000003	 0.000000	 0.000000	 0.712572	-0.008159	-1.310742	-86.198980	 49.487950	 89.646800	 2.573038	-0.739921	-0.463021	-4.590279	-0.705076	 0.717109	-0.000001	-6.013633	-0.000022	 0.000001	 2.614234	-0.000018	 0.000000	-3.498952	 0.000000	 0.000000	 0.248285	 0.000000	 0.000008	-6.013632	 0.000023	-0.000009	 2.614218	-0.000003	 0.000000	-3.498953	 0.000000	 0.000000	 0.248285	 0.000000
 0.000000	 1.032722	 0.003576	 0.000000	 7.212389	 0.000000	 0.000000	 1.466426	 0.000000	 0.000000	-15.658460	-0.000004	-0.000067	-12.397530	-0.000069	 0.000000	 26.225450	 0.000000	-0.000002	-6.229251	 0.000024	-1.701261	 3.587029	 23.098790	 1.701262	 3.587039	-20.847600	-8.577779	 19.176040	 2.836478	 8.098799	 0.000029	 0.000004	-0.000511	 0.000128	-0.000011	 0.000257	 0.000752	 0.000011	-0.012967	 0.667629	 1.112118	-1.679194	 1.282879	 0.674526	-0.334984	 1.286472	-0.711007	 0.000005	-0.000042	 0.000001	 0.000003	 0.000000	 0.000000	 0.890204	-0.008562	-1.101182	 0.000000	-0.000008	-0.000006	 0.000003	 0.000039	-0.000013	 0.000003	 0.000039	-0.000013	 0.000000	 0.000014	 0.000004	 0.000003	 0.000000	 0.000000	-0.712572	-0.008159	 1.310742	 86.198970	 49.487950	-89.646780	-2.573035	-0.739925	 0.463022	 4.590282	-0.705078	-0.717109	 8.577779	 19.176040	-2.836478	-8.098793	-0.000011	 0.000011	 0.000513	 0.000162	 0.000012	-0.000261	 0.000773	-0.000009	 0.012969	 0.667629	-1.112118	 1.679193	 1.282880	-0.674527	 0.334982	 1.286472	 0.711007	-0.000005	-0.000043	-0.000001	-0.000003	 0.000000	 0.000000	-0.890204	-0.008562	 1.101182	 0.000000	-0.000008	 0.000006	-0.000003	 0.000039	 0.000013	-0.000003	 0.000039	 0.000013	 0.000000	 0.000014	-0.000004	-0.000003	 0.000000	 0.000000	 0.712572	-0.008159	-1.310742	-86.198980	 49.487950	 89.646800	 2.573038	-0.739921	-0.463021	-4.590279	-0.705076	 0.717109	-0.000001	-6.013633	-0.000022	 0.000001	 2.614234	-0.000018	 0.000000	-3.498952	 0.000000	 0.000000	 0.248285	 0.000000	 0.000008	-6.013632	 0.000023	-0.000009	 2.614217	-0.000003	 0.000000	-3.498953	 0.000000	 0.000000	 0.248285	 0.000000
 0.000000	 1.032722	 0.003576	 0.000000	 7.212389	 0.000000	 0.000000	 1.466425	 0.000000	 0.000000	-15.658460	-0.000004	-0.000067	-12.397540	-0.000069	 0.000000	 26.225450	 0.000000	-0.000002	-6.229251	 0.000024	-1.701261	 3.587029	 23.098790	 1.701262	 3.587039	-20.847600	-8.577779	 19.176040	 2.836478	 8.098800	 0.000033	 0.000004	-0.000512	 0.000126	-0.000010	 0.000257	 0.000754	 0.000011	-0.012967	 0.667629	 1.112118	-1.679194	 1.282879	 0.674526	-0.334984	 1.286472	-0.711007	 0.000005	-0.000042	 0.000001	 0.000003	 0.000000	 0.000000	 0.890204	-0.008562	-1.101182	 0.000000	-0.000008	-0.000006	 0.000003	 0.000039	-0.000013	 0.000003	 0.000039	-0.000013	 0.000000	 0.000014	 0.000004	 0.000003	 0.000000	 0.000000	-0.712572	-0.008159	 1.310742	 86.198970	 49.487950	-89.646780	-2.573035	-0.739925	 0.463022	 4.590282	-0.705078	-0.717109	 8.577779	 19.176040	-2.836478	-8.098794	-0.000008	 0.000011	 0.000514	 0.000158	 0.000012	-0.000262	 0.000776	-0.000009	 0.012969	 0.667629	-1.112118	 1.679193	 1.282880	-0.674527	 0.334982	 1.286472	 0.711007	-0.000005	-0.000043	-0.000001	-0.000003	 0.000000	 0.000000	-0.890204	-0.008562	 1.101182	 0.000000	-0.000008	 0.000006	-0.000003	 0.000039	 0.000013	-0.000003	 0.000039	 0.000013	 0.000000	 0.000014	-0.000004	-0.000003	 0.000000	 0.000000	 0.712572	-0.008159	-1.310742	-86.198980	 49.487950	 89.646800	 2.573038	-0.739921	-0.463021	-4.590279	-0.705076	 0.717109	-0.000001	-6.013633	-0.000022	 0.000001	 2.614234	-0.000018	 0.000000	-3.498952	 0.000000	 0.000000	 0.248285	 0.000000	 0.000008	-6.013632	 0.000023	-0.000009	 2.614216	-0.000003	 0.000000	-3.498953	 0.000000	 0.000000	 0.248285	 0.000000
 0.000000	 1.032722	 0.003576	 0.000000	 7.212389	 0.000000	 0.000000	 1.466425	 0.000000	 0.000000	-15.658460	-0.000004	-0.000067	-12.397540	-0.000069	 0.000000	 26.225450	 0.000000	-0.000002	-6.229254	 0.000024	-1.701261	 3.587029	 23.098790	 1.701262	 3.587039	-20.847600	-8.577779	 19.176040	 2.836478	 8.098801	 0.000036	 0.000004	-0.000513	 0.000128	-0.000011	 0.000256	 0.000754	 0.000010	-0.012967	 0.667629	 1.112118	-1.679194	 1.282879	 0.674526	-0.334984	 1.286472	-0.711007	 0.000005	-0.000042	 0.000001	 0.000003	 0.000000	 0.000000	 0.890204	-0.008562	-1.101182	 0.000000	-0.000008	-0.000006	 0.000003	 0.000039	-0.000013	 0.000003	 0.000039	-0.000013	 0.000000	 0.000014	 0.000004	 0.000003	 0.000000	 0.000000	-0.712572	-0.008159	 1.310742	 86.198970	 49.487950	-89.646780	-2.573035	-0.739925	 0.463022	 4.590282	-0.705078	-0.717109	 8.577779	 19.176040	-2.836478	-8.098794	-0.000002	 0.000011	 0.000513	 0.000158	 0.000013	-0.000260	 0.000778	-0.000009	 0.012969	 0.667629	-1.112118	 1.679193	 1.282880	-0.674527	 0.334982	 1.286472	 0.711007	-0.000005	-0.000043	-0.000001	-0.000003	 0.000000	 0.000000	-0.890204	-0.008562	 1.101182	 0.000000	-0.000008	 0.000006	-0.000003	 0.000039	 0.000013	-0.000003	 0.000039	 0.000013	 0.000000	 0.000014	-0.000004	-0.000003	 0.000000	 0.000000	 0.712572	-0.008159	-1.310742	-86.198980	 49.487950	 89.646800	 2.573038	-0.739921	-0.463021	-4.590279	-0.705076	 0.717109	-0.000001	-6.013633	-0.000022	 0.000001	 2.614234	-0.000018	 0.000000	-3.498952	 0.000000	 0.000000	 0.248285	 0.000000	 0.000008	-6.013632	 0.000023	-0.000009	 2.614215	-0.000003	 0.000000	-3.498953	 0.000000	 0.000000	 0.248285	 0.000000
 0.000000	 1.032722	 0.003576	 0.000000	 7.212389	 0.000000	 0.000000	 1.466424	 0.000000	 0.000000	-15.658460	-0.000004	-0.000067	-12.397540	-0.000069	 0.000000	 26.225460	 0.000000	-0.000002	-6.229254	 0.000024	-1.701261	 3.587029	 23.098790	 1.701262	 3.587039	-20.847600	-8.577779	 19.176040	 2.836478	 8.098801	 0.000038	 0.000004	-0.000512	 0.000128	-0.000011	 0.000255	 0.000756	 0.000010	-0.012967	 0.667629	 1.112118	-1.679194	 1.282879	 0.674526	-0.334984	 1.286472	-0.711007	 0.000005	-0.000042	 0.000001	 0.000003	 0.000000	 0.000000	 0.890204	-0.008562	-1.101182	 0.000000	-0.000008	-0.000006	 0.000003	 0.000039	-0.000013	 0.000003	 0.000039	-0.000013	 0.000000	 0.000014	 0.000004	 0.000003	 0.000000	 0.000000	-0.712572	-0.008159	 1.310742	 86.198970	 49.487950	-89.646780	-2.573035	-0.739925	 0.463022	 4.590282	-0.705078	-0.717109	 8.577779	 19.176040	-2.836478	-8.098794	 0.000003	 0.000011	 0.000512	 0.000153	 0.000012	-0.000260	 0.000781	-0.000008	 0.012969	 0.667629	-1.112118	 1.679193	 1.282880	-0.674527	 0.334982	 1.286472	 0.711007	-0.000005	-0.000043	-0.000001	-0.000003	 0.000000	 0.000000	-0.890204	-0.008562	 1.101182	 0.000000	-0.000008	 0.000006	-0.000003	 0.000039	 0.000013	-0.000003	 0.000039	 0.000013	 0.000000	 0.000014	-0.000004	-0.000003	 0.000000	 0.000000	 0.712572	-0.008159	-1.310742	-86.198980	 49.487950	 89.646800	 2.573038	-0.739921	-0.463021	-4.590279	-0.705076	 0.717109	-0.000001	-6.013633	-0.000022	 0.000001	 2.614234	-0.000018	 0.000000	-3.498952	 0.000000	 0.000000	 0.248285	 0.000000	 0.000008	-6.013632	 0.000023	-0.000009	 2.614214	-0.000003	 0.000000	-3.498953	 0.000000	 0.000000	 0.248285	 0.000000
 0.000000	 1.032722	 0.003576	 0.000000	 7.212389	 0.000000	 0.000000	 1.466423	 0.000000	 0.000000	-15.658460	-0.000004	-0.000067	-12.397540	-0.000069	 0.000000	 26.225460	 0.000000	-0.000002	-6.229256	 0.000024	-1.701261	 3.587029	 23.098790	 1.701262	 3.587039	-20.847600	-8.577779	 19.176040	 2.836478	 8.098800	 0.000041	 0.000004	-0.000512	 0.000126	-0.000010	 0.000256	 0.000759	 0.000010	-0.012967	 0.667629	 1.112118	-1.679194	 1.282879	 0.674526	-0.334984	 1.286472	-0.711007	 0.000005	-0.000042	 0.000001	 0.000003	 0.000000	 0.000000	 0.890204	-0.008562	-1.101182	 0.000000	-0.000008	-0.000006	 0.000003	 0.000039	-0.000013	 0.000003	 0.000039	-0.000013	 0.000000	 0.000014	 0.000004	 0.000003	 0.000000	 0.000000	-0.712572	-0.008159	 1.310742	 86.198970	 49.487950	-89.646780	-2.573035	-0.739925	 0.463022	 4.590282	-0.705078	-0.717109	 8.577779	 19.176040	-2.836478	-8.098794	 0.000006	 0.000011	 0.000511	 0.000151	 0.000012	-0.000260	 0.000785	-0.000008	 0.012969	 0.667629	-1.112118	 1.679193	 1.282880	-0.674527	 0.334982	 1.286472	 0.711007	-0.000005	-0.000043	-0.000001	-0.000003	 0.000000	 0.000000	-0.890204	-0.008562	 1.101182	 0.000000	-0.000008	 0.000006	-0.000003	 0.000039	 0.000013	-0.000003	 0.000039	 0.000013	 0.000000	 0.000014	-0.000004	-0.000003	 0.000000	 0.000000	 0.712572	-0.008159	-1.310742	-86.198980	 49.487950	 89.646800	 2.573038	-0.739921	-0.463021	-4.590279	-0.705076	 0.717109	-0.000001	-6.013633	-0.000022	 0.000001	 2.614234	-0.000018	 0.000000	-3.498952	 0.000000	 0.000000	 0.248285	 0.000000	 0.000008	-6.013632	 0.000023	-0.000009	 2.614213	-0.000003	 0.000000	-3.498953	 0.000000	 0.000000	 0.248285	 0.000000
 0.000000	 1.032722	 0.003576	 0.000000	 7.212389	 0.000000	 0.000000	 1.466422	 0.000000	 0.000000	-15.658460	-0.000004	-0.000067	-12.397540	-0.000069	 0.000000	 26.225460	 0.000000	-0.000002	-6.229255	 0.000024	-1.701261	 3.587029	 23.098790	 1.701262	 3.587039	-20.847600	-8.577779	 19.176040	 2.836478	 8.098800	 0.000043	 0.000005	-0.000511	 0.000128	-0.000011	 0.000254	 0.000759	 0.000010	-0.012967	 0.667629	 1.112118	-1.679194	 1.282879	 0.674526	-0.334984	 1.286472	-0.711007	 0.000005	-0.000042	 0.000001	 0.000003	 0.000000	 0.000000	 0.890204	-0.008562	-1.101182	 0.000000	-0.000008	-0.000006	 0.000003	 0.000039	-0.000013	 0.000003	 0.000039	-0.000013	 0.000000	 0.000014	 0.000004	 0.000003	 0.000000	 0.000000	-0.712572	-0.008159	 1.310742	 86.198970	 49.487950	-89.646780	-2.573035	-0.739925	 0.463022	 4.590282	-0.705078	-0.717109	 8.577779	 19.176040	-2.836478	-8.098794	 0.000010	 0.000011	 0.000511	 0.000148	 0.000012	-0.000260	 0.000788	-0.000008	 0.012969	 0.667629	-1.112118	 1.679193	 1.282880	-0.674527	 0.334982	 1.286472	 0.711007	-0.000005	-0.000043	-0.000001	-0.000003	 0.000000	 0.000000	-0.890204	-0.008562	 1.101182	 0.000000	-0.000008	 0.000006	-0.000003	 0.000039	 0.000013	-0.000003	 0.000039	 0.000013	 0.000000	 0.000014	-0.000004	-0.000003	 0.000000	 0.000000	 0.712572	-0.008159	-1.310742	-86.198980	 49.487950	 89.646800	 2.573038	-0.739921	-0.463021	-4.590279	-0.705076	 0.717109	-0.000001	-6.013633	-0.000022	 0.000001	 2.614234	-0.000018	 0.000000	-3.498952	 0.000000	 0.000000	 0.248285	 0.000000	 0.000008	-6.013632	 0.000023	-0.000009	 2.614213	-0.000003	 0.000000	-3.498953	 0.000000	 0.000000	 0.248285	 0.000000
 0.000000	 1.032722	 0.003576	 0.000000	 7.212389	 0.000000	 0.000000	 1.466421	 0.000000	 0.000000	-15.658460	-0.000004	-0.000067	-12.397550	-0.000069	 0.000000	 26.225460	 0.000000	-0.000002	-6.229255	 0.000024	-1.701261	 3.587029	 23.098790	 1.701262	 3.587039	-20.847600	-8.577779	 19.176040	 2.836478	 8.098800	 0.000048	 0.000005	-0.000511	 0.000128	-0.000011	 0.000254	 0.000759	 0.000010	-0.012967	 0.667629	 1.112118	-1.679194	 1.282879	 0.674526	-0.334984	 1.286472	-0.711007	 0.000005	-0.000042	 0.000001	 0.000003	 0.000000	 0.000000	 0.890204	-0.008562	-1.101182	 0.000000	-0.000008	-0.000006	 0.000003	 0.000039	-0.000013	 0.000003	 0.000039	-0.000013	 0.000000	 0.000014	 0.000004	 0.000003	 0.000000	 0.000000	-0.712572	-0.008159	 1.310742	 86.198970	 49.487950	-89.646780	-2.573035	-0.739925	 0.463022	 4.590282	-0.705078	-0.717109	 8.577779	 19.176040	-2.836478	-8.098794	 0.000011	 0.000011	 0.000511	 0.000150	 0.000012	-0.000260	 0.000791	-0.000008	 0.012969	 0.667629	-1.112118	 1.679193	 1.282880	-0.674527	 0.334982	 1.286472	 0.711007	-0.000005	-0.000043	-0.000001	-0.000003	 0.000000	 0.000000	-0.890204	-0.008562	 1.101182	 0.000000	-0.000008	 0.000006	-0.000003	 0.000039	 0.000013	-0.000003	 0.000039	 0.000013	 0.000000	 0.000014	-0.000004	-0.000003	 0.000000	 0.000000	 0.712572	-0.008159	-1.310742	-86.198980	 49.487950	 89.646800	 2.573038	-0.739921	-0.463021	-4.590279	-0.705076	 0.717109	-0.000001	-6.013633	-0.000022	 0.000001	 2.614234	-0.000018	 0.000000	-3.498952	 0.000000	 0.000000	 0.248285	 0.000000	 0.000008	-6.013632	 0.000023	-0.000009	 2.614212	-0.000003	 0.000000	-3.498953	 0.000000	 0.000000	 0.248285	 0.000000
 0.000000	 1.032722	 0.003576	 0.000000	 7.212389	 0.000000	 0.000000	 1.466420	 0.000000	 0.000000	-15.658460	-0.000004	-0.000067	-12.397540	-0.000069	 0.000000	 26.225460	 0.000000	-0.000002	-6.229254	 0.000024	-1.701261	 3.587029	 23.098790	 1.701262	 3.587039	-20.847600	-8.577779	 19.176040	 2.836478	 8.098800	 0.000050	 0.000005	-0.000511	 0.000124	-0.000010	 0.000254	 0.000761	 0.000010	-0.012967	 0.667629	 1.112118	-1.679194	 1.282879	 0.674526	-0.334984	 1.286472	-0.711007	 0.000005	-0.000042	 0.000001	 0.000003	 0.000000	 0.000000	 0.890204	-0.008562	-1.101182	 0.000000	-0.000008	-0.000006	 0.000003	 0.000039	-0.000013	 0.000003	 0.000039	-0.000013	 0.000000	 0.000014	 0.000004	 0.000003	 0.000000	 0.000000	-0.712572	-0.008159	 1.310742	 86.198970	 49.487950	-89.646780	-2.573035	-0.739925	 0.463022	 4.590282	-0.705078	-0.717109	 8.577779	 19.176040	-2.836478	-8.098795	 0.000008	 0.000010	 0.000512	 0.000151	 0.000012	-0.000260	 0.000793	-0.000008	 0.012969	 0.667629	-1.112118	 1.679193	 1.282880	-0.674527	 0.334982	 1.286472	 0.711007	-0.000005	-0.000043	-0.000001	-0.000003	 0.000000	 0.000000	-0.890204	-0.008562	 1.101182	 0.000000	-0.000008	 0.000006	-0.000003	 0.000039	 0.000013	-0.000003	 0.000039	 0.000013	 0.000000	 0.000014	-0.000004	-0.000003	 0.000000	 0.000000	 0.712572	-0.008159	-1.310742	-86.198980	 49.487950	 89.646800	 2.573038	-0.739921	-0.463021	-4.590279	-0.705076	 0.717109	-0.000001	-6.013633	-0.000022	 0.000001	 2.614234	-0.000018	 0.000000	-3.498952	 0.000000	 0.000000	 0.248285	 0.000000	 0.000008	-6.013632	 0.000023	-0.000009	 2.614211	-0.000003	 0.000000	-3.498953	 0.000000	 0.000000	 0.248285	 0.000000
 0.000000	 1.032722	 0.003576	 0.000000	 7.212389	 0.000000	 0.000000	 1.466419	 0.000000	 0.000000	-15.658460	-0.000004	-0.000067	-12.397550	-0.000069	 0.000000	 26.225460	 0.000000	-0.000002	-6.229255	 0.000024	-1.701261	 3.587029	 23.098790	 1.701262	 3.587039	-20.847600	-8.577779	 19.176040	 2.836478	 8.098801	 0.000055	 0.000005	-0.000512	 0.000123	-0.000010	 0.000254	 0.000762	 0.000010	-0.012967	 0.667629	 1.112118	-1.679194	 1.282879	 0.674526	-0.334984	 1.286472	-0.711007	 0.000005	-0.000042	 0.000001	 0.000003	 0.000000	 0.000000	 0.890204	-0.008562	-1.101182	 0.000000	-0.000008	-0.000006	 0.000003	 0.000039	-0.000013	 0.000003	 0.000039	-0.000013	 0.000000	 0.000014	 0.000004	 0.000003	 0.000000	 0.000000	-0.712572	-0.008159	 1.310742	 86.198970	 49.487950	-89.646780	-2.573035	-0.739925	 0.463022	 4.590282	-0.705078	-0.717109	 8.577779	 19.176040	-2.836478	-8.098795	 0.000010	 0.000010	 0.000512	 0.000151	 0.000012	-0.000261	 0.000797	-0.000008	 0.012969	 0.667629	-1.112118	 1.679193	 1.282880	-0.674527	 0.334982	 1.286472	 0.711007	-0.000005	-0.000043	-0.000001	-0.000003	 0.000000	 0.000000	-0.890204	-0.008562	 1.101182	 0.000000	-0.000008	 0.000006	-0.000003	 0.000039	 0.000013	-0.000003	 0.000039	 0.000013	 0.000000	 0.000014	-0.000004	-0.000003	 0.000000	 0.000000	 0.712572	-0.008159	-1.310742	-86.198980	 49.487950	 89.646800	 2.573038	-0.739921	-0.463021	-4.590279	-0.705076	 0.717109	-0.000001	-6.013633	-0.000022	 0.000001	 2.614234	-0.000018	 0.000000	-3.498952	 0.000000	 0.000000	 0.248285	 0.000000	 0.000008	-6.013632	 0.000023	-0.000009	 2.614210	-0.000003	 0.000000	-3.498953	 0.000000	 0.000000	 0.248285	 0.000000
 0.000000	 1.032722	 0.003576	 0.000000	 7.212389	 0.000000	 0.000000	 1.466419	 0.000000	 0.000000	-15.658460	-0.000004	-0.000067	-12.397550	-0.000069	 0.000000	 26.225460	 0.000000	-0.000002	-6.229258	 0.000024	-1.701261	 3.587029	 23.098790	 1.701262	 3.587039	-20.847600	-8.577779	 19.176040	 2.836478	 8.098800	 0.000057	 0.000005	-0.000511	 0.000124	-0.000010	 0.000254	 0.000762	 0.000010	-0.012967	 0.667629	 1.112118	-1.679194	 1.282879	 0.674526	-0.334984	 1.286472	-0.711007	 0.000005	-0.000042	 0.000001	 0.000003	 0.000000	 0.000000	 0.890204	-0.008562	-1.101182	 0.000000	-0.000008	-0.000006	 0.000003	 0.000039	-0.000013	 0.000003	 0.000039	-0.000013	 0.000000	 0.000014	 0.000004	 0.000003	 0.000000	 0.000000	-0.712572	-0.008159	 1.310742	 86.198970	 49.487950	-89.646780	-2.573035	-0.739925	 0.463022	 4.590282	-0.705078	-0.717109	 8.577779	 19.176040	-2.836478	-8.098796	 0.000008	 0.000010	 0.000513	 0.000153	 0.000012	-0.000261	 0.000797	-0.000008	 0.012969	 0.667629	-1.112118	 1.679193	 1.282880	-0.674527	 0.334982	 1.286472	 0.711007	-0.000005	-0.000043	-0.000001	-0.000003	 0.000000	 0.000000	-0.890204	-0.008562	 1.101182	 0.000000	-0.000008	 0.000006	-0.000003	 0.000039	 0.000013	-0.000003	 0.000039	 0.000013	 0.000000	 0.000014	-0.000004	-0.000003	 0.000000	 0.000000	 0.712572	-0.008159	-1.310742	-86.198980	 49.487950	 89.646800	 2.573038	-0.739921	-0.463021	-4.590279	-0.705076	 0.717109	-0.000001	-6.013633	-0.000022	 0.000001	 2.614234	-0.000018	 0.000000	-3.498952	 0.000000	 0.000000	 0.248285	 0.000000	 0.000008	-6.013632	 0.000023	-0.000009	 2.614209	-0.000003	 0.000000	-3.498953	 0.000000	 0.000000	 0.248285	 0.000000
 0.000000	 1.032722	 0.003576	 0.000000	 7.212389	 0.000000	 0.000000	 1.466418	 0.000000	 0.000000	-15.658460	-0.000004	-0.000067	-12.397550	-0.000069	 0.000000	 26.225470	 0.000000	-0.000002	-6.229259	 0.000024	-1.701261	 3.587029	 23.098790	 1.701262	 3.587039	-20.847600	-8.577779	 19.176040	 2.836478	 8.098799	 0.000062	 0.000005	-0.000511	 0.000123	-0.000010	 0.000255	 0.000764	 0.000010	-0.012967	 0.667629	 1.112118	-1.679194	 1.282879	 0.674526	-0.334984	 1.286472	-0.711007	 0.000005	-0.000042	 0.000001	 0.000003	 0.000000	 0.000000	 0.890204	-0.008562	-1.101182	 0.000000	-0.000008	-0.000006	 0.000003	 0.000039	-0.000013	 0.000003	 0.000039	-0.000013	 0.000000	 0.000014	 0.000004	 0.000003	 0.000000	 0.000000	-0.712572	-0.008159	 1.310742	 86.198970	 49.487950	-89.646780	-2.573035	-0.739925	 0.463022	 4.590282	-0.705078	-0.717109	 8.577779	 19.176040	-2.836478	-8.098796	 0.000010	 0.000010	 0.000512	 0.000153	 0.000012	-0.000262	 0.000800	-0.000008	 0.012969	 0.667629	-1.112118	 1.679193	 1.282880	-0.674527	 0.334982	 1.286472	 0.711007	-0.000005	-0.000043	-0.000001	-0.000003	 0.000000	 0.000000	-0.890204	-0.008562	 1.101182	 0.000000	-0.000008	 0.000006	-0.000003	 0.000039	 0.000013	-0.000003	 0.000039	 0.000013	 0.000000	 0.000014	-0.000004	-0.000003	 0.000000	 0.000000	 0.712572	-0.008159	-1.310742	-86.198980	 49.487950	 89.646800	 2.573038	-0.739921	-0.463021	-4.590279	-0.705076	 0.717109	-0.000001	-6.013633	-0.000022	 0.000001	 2.614234	-0.000018	 0.000000	-3.498952	 0.000000	 0.000000	 0.248285	 0.000000	 0.000008	-6.013632	 0.000023	-0.000009	 2.614208	-0.000003	 0.000000	-3.498953	 0.000000	 0.000000	 0.248285	 0.000000
 0.000000	 1.032722	 0.003576	 0.000000	 7.212389	 0.000000	 0.000000	 1.466417	 0.000000	 0.000000	-15.658460	-0.000004	-0.000067	-12.397550	-0.000069	 0.000000	 26.225460	 0.000000	-0.000002	-6.229261	 0.000024	-1.701261	 3.587029	 23.098790	 1.701262	 3.587039	-20.847600	-8.577779	 19.176040	 2.836478	 8.098799	 0.000065	 0.000005	-0.000511	 0.000123	-0.000010	 0.000256	 0.000762	 0.000010	-0.012967	 0.667629	 1.112118	-1.679194	 1.282879	 0.674526	-0.334984	 1.286472	-0.711007	 0.000005	-0.000042	 0.000001	 0.000003	 0.000000	 0.000000	 0.890204	-0.008562	-1.101182	 0.000000	-0.000008	-0.000006	 0.000003	 0.000039	-0.000013	 0.000003	 0.000039	-0.000013	 0.000000	 0.000014	 0.000004	 0.000003	 0.000000	 0.000000	-0.712572	-0.008159	 1.310742	 86.198970	 49.487950	-89.646780	-2.573035	-0.739925	 0.463022	 4.590282	-0.705078	-0.717109	 8.577779	 19.176040	-2.836478	-8.098797	 0.000008	 0.000010	 0.000513	 0.000155	 0.000012	-0.000263	 0.000802	-0.000007	 0.012969	 0.667629	-1.112118	 1.679193	 1.282880	-0.674527	 0.334982	 1.286472	 0.711007	-0.000005	-0.000043	-0.000001	-0.000003	 0.000000	 0.000000	-0.890204	-0.008562	 1.101182	 0.000000	-0.000008	 0.000006	-0.000003	 0.000039	 0.000013	-0.000003	 0.000039	 0.000013	 0.000000	 0.000014	-0.000004	-0.000003	 0.000000	 0.000000	 0.712572	-0.008159	-1.310742	-86.198980	 49.487950	 89.646800	 2.573038	-0.739921	-0.463021	-4.590279	-0.705076	 0.717109	-0.000001	-6.013633	-0.000022	 0.000001	 2.614234	-0.000018	 0.000000	-3.498952	 0.000000	 0.000000	 0.248285	 0.000000	 0.000008	-6.013632	 0.000023	-0.000009	 2.614208	-0.000003	 0.000000	-3.498953	 0.000000	 0.000000	 0.248285	 0.000000
 0.000000	 1.032722	 0.003576	 0.000000	 7.212389	 0.000000	 0.000000	 1.466416	 0.000000	 0.000000	-15.658460	-0.000004	-0.000067	-12.397550	-0.000069	 0.000000	 26.225470	 0.000000	-0.000002	-6.229264	 0.000024	-1.701261	 3.587029	 23.098790	 1.701262	 3.587039	-20.847600	-8.577779	 19.176040	 2.836478	 8.098800	 0.000069	 0.000005	-0.000512	 0.000124	-0.000010	 0.000256	 0.000761	 0.000010	-0.012967	 0.667629	 1.112118	-1.679194	 1.282879	 0.674526	-0.334984	 1.286472	-0.711007	 0.000005	-0.000042	 0.000001	 0.000003	 0.000000	 0.000000	 0.890204	-0.008562	-1.101182	 0.000000	-0.000008	-0.000006	 0.000003	 0.000039	-0.000013	 0.000003	 0.000039	-0.000013	 0.000000	 0.000014	 0.000004	 0.000003	 0.000000	 0.000000	-0.712572	-0.008159	 1.310742	 86.198970	 49.487950	-89.646780	-2.573035	-0.739925	 0.463022	 4.590282	-0.705078	-0.717109	 8.577779	 19.176040	-2.836478	-8.098797	 0.000008	 0.000010	 0.000512	 0.000155	 0.000011	-0.000262	 0.000807	-0.000007	 0.012969	 0.667629	-1.112118	 1.679193	 1.282880	-0.674527	 0.334982	 1.286472	 0.711007	-0.000005	-0.000043	-0.000001	-0.000003	 0.000000	 0.000000	-0.890204	-0.008562	 1.101182	 0.000000	-0.000008	 0.000006	-0.000003	 0.000039	 0.000013	-0.000003	 0.000039	 0.000013	 0.000000	 0.000014	-0.000004	-0.000003	 0.000000	 0.000000	 0.712572	-0.008159	-1.310742	-86.198980	 49.487950	 89.646800	 2.573038	-0.739921	-0.463021	-4.590279	-0.705076	 0.717109	-0.000001	-6.013633	-0.000022	 0.000001	 2.614234	-0.000018	 0.000000	-3.498952	 0.000000	 0.000000	 0.248285	 0.000000	 0.000008	-6.013632	 0.000023	-0.000009	 2.614207	-0.000003	 0.000000	-3.498953	 0.000000	 0.000000	 0.248285	 0.000000
 0.000000	 1.032722	 0.003576	 0.000000	 0.000000	 0.000000	 3.703549	 5.060256	 4.471352	-8.385107	 6.199254	 0.077981	-0.000067	-12.397550	-0.000069	 3.754354	 11.036200	-0.556190	 5.322284	 5.408169	 5.150685	-1.701261	 3.587029	 23.098790	 1.701262	 3.587039	-20.847600	 15.903570	-4.978981	 8.416759	-75.767950	 25.992410	-7.268976	-11.524940	 19.879870	-118.997900	 48.678660	 31.871940	-51.868550	-43.271030	 14.008390	-14.420210	-45.252200	 0.000000	 0.000000	-17.988160	 0.000000	 0.000000	 9.408043	 3.404867	 19.719750	-9.959689	 0.000000	 0.000000	-6.339082	 0.000000	 0.000000	-4.245481	-0.516501	 6.923788	-10.879620	 0.000000	 0.000000	-2.013826	 0.000000	 0.000000	 9.782995	 2.082117	 11.898820	-4.133039	 0.000000	 0.000000	-2.212136	 0.000000	 0.000000	-7.895283	 51.757530	-22.910800	-13.526330	-4.562430	-4.586261	 4.590282	-0.705078	-0.717109	 10.412160	-4.846835	-11.125060	 60.556540	 37.641990	 21.387340	-1.205424	 3.893645	 116.729800	-61.050700	 38.311550	 47.554280	 37.275090	 12.431230	 15.792730	 47.834030	 0.000000	 0.000000	 12.598520	 0.000000	 0.000000	-9.408043	 3.404867	-19.719750	 18.517100	 0.000000	 0.000000	 13.371210	 0.000000	 0.000000	-1.309125	 0.098378	-4.296815	 14.534880	 0.000000	 0.000000	 5.577243	 0.000000	 0.000000	-9.678392	 2.527765	-14.499230	 14.026390	 0.000000	 0.000000	 7.474147	 0.000000	 0.000000	 6.550174	 47.358830	 25.056060	 1.711548	 53.761950	 12.171990	-4.590279	-0.705076	 0.717109	-0.000001	-6.013633	-0.000022	 0.000001	 2.614234	-0.000018	 0.000000	-3.498952	 0.000000	 0.000000	 0.248285	 0.000000	 0.000008	-6.013632	 0.000023	-0.000009	 2.614207	-0.000003	 0.000000	-3.498953	 0.000000	 0.000000	 0.248285	 0.000000
 0.000000	 1.032722	 0.003576	 0.000000	 0.000000	 0.000000	 3.992509	 5.087935	 4.406438	-8.757317	 6.149299	 0.066939	-0.000067	-12.397550	-0.000068	 3.899559	 11.075900	-0.570369	 5.316362	 5.376482	 4.976985	-1.701261	 3.587029	 23.098790	 1.701262	 3.587039	-20.847600	 16.060140	-4.961591	 8.435858	-75.994370	 26.108820	-7.231232	-11.922830	 19.737010	-118.648400	 47.201820	 30.686160	-51.707070	-43.701620	 13.718850	-13.936830	-45.737680	 0.000000	 0.000000	-17.551730	 0.000000	 0.000000	 9.408043	 3.404867	 19.719750	-10.452260	 0.000000	 0.000000	-5.876265	 0.000000	 0.000000	-4.958493	-0.626568	 7.183931	-11.475470	 0.000000	 0.000000	-2.075186	 0.000000	 0.000000	 9.789120	 2.052857	 11.729060	-4.463000	 0.000000	 0.000000	-2.243325	 0.000000	 0.000000	-8.862431	 52.257760	-22.085020	-14.197120	-4.517191	-4.322538	 4.590282	-0.705078	-0.717109	 10.532870	-4.827525	-11.158810	 60.449910	 37.774600	 21.647740	-1.263397	 3.451454	 116.709200	-60.550280	 38.936250	 47.511800	 36.281990	 12.154850	 16.004170	 49.620060	 0.000000	 0.000000	 12.244980	 0.000000	 0.000000	-9.408043	 3.404867	-19.719750	 17.285250	 0.000000	 0.000000	 13.659660	 0.000000	 0.000000	-1.449535	 0.103843	-4.096717	 14.942740	 0.000000	 0.000000	 5.574255	 0.000000	 0.000000	-9.686670	 2.495566	-14.310330	 14.324460	 0.000000	 0.000000	 7.639926	 0.000000	 0.000000	 6.251030	 47.482160	 25.462130	 4.110443	 46.538370	 10.215450	-4.590279	-0.705076	 0.717109	-0.000001	-6.013633	-0.000022	 0.000001	 2.614234	-0.000018	 0.000000	-3.498952	 0.000000	 0.000000	 0.248285	 0.000000	 0.000008	-6.013632	 0.000023	-0.000009	 2.614208	-0.000003	 0.000000	-3.498953	 0.000000	 0.000000	 0.248285	 0.000000
 0.000000	 1.032722	 0.003576	 0.000000	 0.000000	 0.000000	 3.992509	 5.087935	 4.406438	-8.757317	 6.149299	 0.066939	-0.000068	-12.397550	-0.000068	 3.899561	 11.075900	-0.570369	 5.316361	 5.376481	 4.976985	-1.701261	 3.587029	 23.098790	 1.701262	 3.587039	-20.847600	 16.060140	-4.961591	 8.435858	-75.994370	 26.108820	-7.231230	-11.922830	 19.737010	-118.648400	 47.201820	 30.686160	-51.707070	-43.701620	 13.718850	-13.936830	-45.737680	 0.000000	 0.000000	-17.551730	 0.000000	 0.000000	 9.408043	 3.404867	 19.719750	-10.452260	 0.000000	 0.000000	-5.876265	 0.000000	 0.000000	-4.958493	-0.626568	 7.183931	-11.475470	 0.000000	 0.000000	-2.075186	 0.000000	 0.000000	 9.789120	 2.052857	 11.729060	-4.463000	 0.000000	 0.000000	-2.243325	 0.000000	 0.000000	-8.862431	 52.257760	-22.085020	-14.197120	-4.517191	-4.322538	 4.590282	-0.705078	-0.717109	 10.532870	-4.827525	-11.158810	 60.449920	 37.774610	 21.647730	-1.263407	 3.451468	 116.709200	-60.550320	 38.936250	 47.511810	 36.281990	 12.154850	 16.004170	 49.620060	 0.000000	 0.000000	 12.244980	 0.000000	 0.000000	-9.408043	 3.404867	-19.719750	 17.285250	 0.000000	 0.000000	 13.659660	 0.000000	 0.000000	-1.449535	 0.103843	-4.096717	 14.942740	 0.000000	 0.000000	 5.574255	 0.000000	 0.000000	-9.686670	 2.495566	-14.310330	 14.324460	 0.000000	 0.000000	 7.639926	 0.000000	 0.000000	 6.251030	 47.482160	 25.462130	 4.110443	 46.538370	 10.215450	-4.590279	-0.705076	 0.717109	-0.000001	-6.013633	-0.000022	 0.000001	 2.614234	-0.000018	 0.000000	-3.498952	 0.000000	 0.000000	 0.248285	 0.000000	 0.000008	-6.013632	 0.000023	-0.000009	 2.614208	-0.000003	 0.000000	-3.498953	 0.000000	 0.000000	 0.248285	 0.000000
 0.000000	 1.032722	 0.003576	 0.000000	 0.000000	 0.000000	 3.992509	 5.087935	 4.406438	-8.757317	 6.149299	 0.066939	-0.000069	-12.397550	-0.000068	 3.899563	 11.075900	-0.570370	 5.316360	 5.376478	 4.976985	-1.701261	 3.587029	 23.098790	 1.701262	 3.587039	-20.847600	 16.060140	-4.961591	 8.435858	-75.994370	 26.108820	-7.231225	-11.922830	 19.737010	-118.648400	 47.201810	 30.686160	-51.707070	-43.701620	 13.718850	-13.936830	-45.737680	 0.000000	 0.000000	-17.551730	 0.000000	 0.000000	 9.408043	 3.404867	 19.719750	-10.452260	 0.000000	 0.000000	-5.876265	 0.000000	 0.000000	-4.958493	-0.626568	 7.183931	-11.475470	 0.000000	 0.000000	-2.075186	 0.000000	 0.000000	 9.789120	 2.052857	 11.729060	-4.463000	 0.000000	 0.000000	-2.243325	 0.000000	 0.000000	-8.862431	 52.257760	-22.085020	-14.197120	-4.517191	-4.322538	 4.590282	-0.705078	-0.717109	 10.532870	-4.827525	-11.158810	 60.449910	 37.774600	 21.647720	-1.263408	 3.451472	 116.709200	-60.550340	 38.936230	 47.511830	 36.281990	 12.154850	 16.004170	 49.620060	 0.000000	 0.000000	 12.244980	 0.000000	 0.000000	-9.408043	 3.404867	-19.719750	 17.285250	 0.000000	 0.000000	 13.659660	 0.000000	 0.000000	-1.449535	 0.103843	-4.096717	 14.942740	 0.000000	 0.000000	 5.574255	 0.000000	 0.000000	-9.686670	 2.495566	-14.310330	 14.324460	 0.000000	 0.000000	 7.639926	 0.000000	 0.000000	 6.251030	 47.482160	 25.462130	 4.110443	 46.538370	 10.215450	-4.590279	-0.705076	 0.717109	-0.000001	-6.013633	-0.000022	 0.000001	 2.614234	-0.000018	 0.000000	-3.498952	 0.000000	 0.000000	 0.248285	 0.000000	 0.000008	-6.013632	 0.000023	-0.000009	 2.614208	-0.000003	 0.000000	-3.498953	 0.000000	 0.000000	 0.248285	 0.000000
 0.000000	 1.032722	 0.003576	 0.000000	 0.000000	 0.000000	 3.992509	 5.087935	 4.406438	-8.757317	 6.149299	 0.066939	-0.000070	-12.397550	-0.000068	 3.899565	 11.075900	-0.570370	 5.316357	 5.376476	 4.976985	-1.701261	 3.587029	 23.098790	 1.701262	 3.587039	-20.847600	 16.060140	-4.961591	 8.435858	-75.994370	 26.108820	-7.231225	-11.922830	 19.737000	-118.648400	 47.201820	 30.686150	-51.707060	-43.701620	 13.718850	-13.936830	-45.737680	 0.000000	 0.000000	-17.551730	 0.000000	 0.000000	 9.408043	 3.404867	 19.719750	-10.452260	 0.000000	 0.000000	-5.876265	 0.000000	 0.000000	-4.958493	-0.626568	 7.183931	-11.475470	 0.000000	 0.000000	-2.075186	 0.000000	 0.000000	 9.789120	 2.052857	 11.729060	-4.463000	 0.000000	 0.000000	-2.243325	 0.000000	 0.000000	-8.862431	 52.257760	-22.085020	-14.197120	-4.517191	-4.322538	 4.590282	-0.705078	-0.717109	 10.532870	-4.827525	-11.158810	 60.449930	 37.774590	 21.647720	-1.263420	 3.451490	 116.709200	-60.550360	 38.936210	 47.511840	 36.281990	 12.154850	 16.004170	 49.620060	 0.000000	 0.000000	 12.244980	 0.000000	 0.000000	-9.408043	 3.404867	-19.719750	 17.285250	 0.000000	 0.000000	 13.659660	 0.000000	 0.000000	-1.449535	 0.103843	-4.096717	 14.942740	 0.000000	 0.000000	 5.574255	 0.000000	 0.000000	-9.686670	 2.495566	-14.310330	 14.324460	 0.000000	 0.000000	 7.639926	 0.000000	 0.000000	 6.251030	 47.482160	 25.462130	 4.110443	 46.538370	 10.215450	-4.590279	-0.705076	 0.717109	-0.000001	-6.013633	-0.000022	 0.000001	 2.614233	-0.000018	 0.000000	-3.498952	 0.000000	 0.000000	 0.248285	 0.000000	 0.000008	-6.013632	 0.000023	-0.000009	 2.614208	-0.000003	 0.000000	-3.498953	 0.000000	 0.000000	 0.248285	 0.000000
 0.000000	 1.032722	 0.003576	 0.000000	 0.000000	 0.000000	 3.992509	 5.087935	 4.406438	-8.757317	 6.149299	 0.066939	-0.000071	-12.397550	-0.000068	 3.899567	 11.075900	-0.570370	 5.316355	 5.376472	 4.976985	-1.701261	 3.587029	 23.098790	 1.701262	 3.587039	-20.847600	 16.060140	-4.961591	 8.435858	-75.994370	 26.108820	-7.231225	-11.922820	 19.736990	-118.648400	 47.201820	 30.686160	-51.707050	-43.701620	 13.718850	-13.936830	-45.737680	 0.000000	 0.000000	-17.551730	 0.000000	 0.000000	 9.408043	 3.404867	 19.719750	-10.452260	 0.000000	 0.000000	-5.876265	 0.000000	 0.000000	-4.958493	-0.626568	 7.183931	-11.475470	 0.000000	 0.000000	-2.075186	 0.000000	 0.000000	 9.789120	 2.052857	 11.729060	-4.463000	 0.000000	 0.000000	-2.243325	 0.000000	 0.000000	-8.862431	 52.257760	-22.085020	-14.197120	-4.517191	-4.322538	 4.590282	-0.705078	-0.717109	 10.532870	-4.827525	-11.158810	 60.449950	 37.774590	 21.647700	-1.263446	 3.451505	 116.709200	-60.550360	 38.936200	 47.511830	 36.281990	 12.154850	 16.004170	 49.620060	 0.000000	 0.000000	 12.244980	 0.000000	 0.000000	-9.408043	 3.404867	-19.719750	 17.285250	 0.000000	 0.000000	 13.659660	 0.000000	 0.000000	-1.449535	 0.103843	-4.096717	 14.942740	 0.000000	 0.000000	 5.574255	 0.000000	 0.000000	-9.686670	 2.495566	-14.310330	 14.324460	 0.000000	 0.000000	 7.639926	 0.000000	 0.000000	 6.251030	 47.482160	 25.462130	 4.110443	 46.538370	 10.215450	-4.590279	-0.705076	 0.717109	-0.000001	-6.013633	-0.000022	 0.000001	 2.614233	-0.000018	 0.000000	-3.498952	 0.000000	 0.000000	 0.248285	 0.000000	 0.000008	-6.013632	 0.000023	-0.000009	 2.614208	-0.000003	 0.000000	-3.498953	 0.000000	 0.000000	 0.248285	 0.000000
 0.000000	 1.032722	 0.003576	 0.000000	 0.000000	 0.000000	 3.992509	 5.087935	 4.406438	-8.757317	 6.149299	 0.066939	-0.000072	-12.397550	-0.000068	 3.899569	 11.075900	-0.570371	 5.316354	 5.376469	 4.976985	-1.701261	 3.587029	 23.098790	 1.701262	 3.587039	-20.847600	 16.060140	-4.961591	 8.435858	-75.994380	 26.108820	-7.231221	-11.922820	 19.736990	-118.648400	 47.201820	 30.686150	-51.707050	-43.701620	 13.718850	-13.936830	-45.737680	 0.000000	 0.000000	-17.551730	 0.000000	 0.000000	 9.408043	 3.404867	 19.719750	-10.452260	 0.000000	 0.000000	-5.876265	 0.000000	 0.000000	-4.958493	-0.626568	 7.183931	-11.475470	 0.000000	 0.000000	-2.075186	 0.000000	 0.000000	 9.789120	 2.052857	 11.729060	-4.463000	 0.000000	 0.000000	-2.243325	 0.000000	 0.000000	-8.862431	 52.257760	-22.085020	-14.197120	-4.517191	-4.322538	 4.590282	-0.705078	-0.717109	 10.532870	-4.827525	-11.158810	 60.449960	 37.774590	 21.647690	-1.263449	 3.451510	 116.709200	-60.550360	 38.936200	 47.511820	 36.281990	 12.154850	 16.004170	 49.620060	 0.000000	 0.000000	 12.244980	 0.000000	 0.000000	-9.408043	 3.404867	-19.719750	 17.285250	 0.000000	 0.000000	 13.659660	 0.000000	 0.000000	-1.449535	 0.103843	-4.096717	 14.942740	 0.000000	 0.000000	 5.574255	 0.000000	 0.000000	-9.686670	 2.495566	-14.310330	 14.324460	 0.000000	 0.000000	 7.639926	 0.000000	 0.000000	 6.251030	 47.482160	 25.462130	 4.110443	 46.538370	 10.215450	-4.590279	-0.705076	 0.717109	-0.000001	-6.013633	-0.000022	 0.000001	 2.614233	-0.000018	 0.000000	-3.498952	 0.000000	 0.000000	 0.248285	 0.000000	 0.000008	-6.013632	 0.000023	-0.000009	 2.614208	-0.000003	 0.000000	-3.498953	 0.000000	 0.000000	 0.248285	 0.000000
 0.000000	 1.032722	 0.003576	 0.000000	 0.000000	 0.000000	 3.992509	 5.087935	 4.406438	-8.757317	 6.149299	 0.066939	-0.000073	-12.397550	-0.000068	 3.899570	 11.075910	-0.570371	 5.316352	 5.376471	 4.976985	-1.701261	 3.587029	 23.098790	 1.701262	 3.587039	-20.847600	 16.060140	-4.961591	 8.435858	-75.994390	 26.108820	-7.231216	-11.922810	 19.736990	-118.648400	 47.201820	 30.686150	-51.707050	-43.701620	 13.718850	-13.936830	-45.737680	 0.000000	 0.000000	-17.551730	 0.000000	 0.000000	 9.408043	 3.404867	 19.719750	-10.452260	 0.000000	 0.000000	-5.876265	 0.000000	 0.000000	-4.958493	-0.626568	 7.183931	-11.475470	 0.000000	 0.000000	-2.075186	 0.000000	 0.000000	 9.789120	 2.052857	 11.729060	-4.463000	 0.000000	 0.000000	-2.243325	 0.000000	 0.000000	-8.862431	 52.257760	-22.085020	-14.197120	-4.517191	-4.322538	 4.590282	-0.705078	-0.717109	 10.532870	-4.827525	-11.158810	 60.449950	 37.774590	 21.647700	-1.263437	 3.451513	 116.709100	-60.550380	 38.936170	 47.511840	 36.281990	 12.154850	 16.004170	 49.620060	 0.000000	 0.000000	 12.244980	 0.000000	 0.000000	-9.408043	 3.404867	-19.719750	 17.285250	 0.000000	 0.000000	 13.659660	 0.000000	 0.000000	-1.449535	 0.103843	-4.096717	 14.942740	 0.000000	 0.000000	 5.574255	 0.000000	 0.000000	-9.686670	 2.495566	-14.310330	 14.324460	 0.000000	 0.000000	 7.639926	 0.000000	 0.000000	 6.251030	 47.482160	 25.462130	 4.110443	 46.538370	 10.215450	-4.590279	-0.705076	 0.717109	-0.000001	-6.013633	-0.000022	 0.000001	 2.614233	-0.000018	 0.000000	-3.498952	 0.000000	 0.000000	 0.248285	 0.000000	 0.000008	-6.013632	 0.000023	-0.000009	 2.614208	-0.000003	 0.000000	-3.498953	 0.000000	 0.000000	 0.248285	 0.000000
 0.000000	 1.032722	 0.003576	 0.000000	 0.000000	 0.000000	 4.402673	 5.142301	 4.310693	-9.323632	 6.052786	 0.046651	-0.000073	-12.397550	-0.000067	 4.140768	 11.132130	-0.593504	 5.339344	 5.347180	 4.668301	-1.701261	 3.587029	 23.098790	 1.701262	 3.587039	-20.847600	 16.310020	-4.923519	 8.443388	-76.351250	 26.262520	-7.166347	-12.062880	 19.235500	-118.214700	 45.515480	 30.141290	-50.717740	-44.342990	 13.538500	-13.470270	-45.613260	 0.000000	 0.000000	-17.179420	 0.000000	 0.000000	 9.408043	 3.404867	 19.719750	-10.442900	 0.000000	 0.000000	-5.826386	 0.000000	 0.000000	-5.000580	-0.654617	 7.439188	-11.418250	 0.000000	 0.000000	-2.098072	 0.000000	 0.000000	 9.801828	 1.990703	 11.368840	-4.470191	 0.000000	 0.000000	-2.312830	 0.000000	 0.000000	-9.540162	 52.865630	-21.363460	-14.471780	-5.321072	-4.116234	 4.590282	-0.705078	-0.717109	 10.744770	-4.786288	-11.204280	 60.288490	 37.968170	 22.025580	-1.164241	 2.760908	 116.627000	-60.006980	 39.213630	 47.245790	 36.465800	 12.206320	 15.965390	 49.851430	 0.000000	 0.000000	 12.350260	 0.000000	 0.000000	-9.408043	 3.404867	-19.719750	 15.859930	 0.000000	 0.000000	 13.128800	 0.000000	 0.000000	-1.171702	 0.083018	-4.052209	 14.732370	 0.000000	 0.000000	 5.626537	 0.000000	 0.000000	-9.694592	 2.464335	-14.127280	 13.941980	 0.000000	 0.000000	 7.715615	 0.000000	 0.000000	 5.938420	 47.808010	 25.735460	 2.985355	 49.802360	 11.248660	-4.590279	-0.705076	 0.717109	-0.000001	-6.013633	-0.000022	 0.000001	 2.614233	-0.000018	 0.000000	-3.498952	 0.000000	 0.000000	 0.248285	 0.000000	 0.000008	-6.013632	 0.000023	-0.000009	 2.614209	-0.000003	 0.000000	-3.498953	 0.000000	 0.000000	 0.248285	 0.000000
 0.000000	 1.032722	 0.003576	 0.000000	 0.000000	 0.000000	 4.548535	 5.172854	 4.273831	-9.548039	 6.006199	 0.037414	-0.000072	-12.397550	-0.000068	 4.250556	 11.149090	-0.604074	 5.362095	 5.329823	 4.489481	-1.701261	 3.587029	 23.098790	 1.701262	 3.587039	-20.847600	 16.418750	-4.903509	 8.433047	-76.518030	 26.305270	-7.123302	-12.070720	 18.961520	-117.987800	 44.405940	 30.117770	-49.440480	-44.836540	 13.835030	-13.522570	-45.565610	 0.000000	 0.000000	-17.073250	 0.000000	 0.000000	 9.408043	 3.404867	 19.719750	-9.781830	 0.000000	 0.000000	-5.933990	 0.000000	 0.000000	-4.459446	-0.576456	 7.350723	-10.335980	 0.000000	 0.000000	-1.632907	 0.000000	 0.000000	 9.822358	 1.885777	 10.761810	-3.452697	 0.000000	 0.000000	-2.330282	 0.000000	 0.000000	-9.150496	 53.229450	-21.390090	-14.473930	-6.099852	-4.067573	 4.590282	-0.705078	-0.717109	 10.849280	-4.764881	-11.219890	 60.229060	 38.028540	 22.143710	-0.920569	 2.510711	 116.551800	-59.501120	 38.856030	 47.462680	 37.130470	 12.391250	 15.823810	 49.884930	 0.000000	 0.000000	 12.342950	 0.000000	 0.000000	-9.408043	 3.404867	-19.719750	 14.825220	 0.000000	 0.000000	 13.010370	 0.000000	 0.000000	-1.084798	 0.077603	-4.091289	 14.316900	 0.000000	 0.000000	 5.989852	 0.000000	 0.000000	-9.724457	 2.342589	-13.415120	 13.426280	 0.000000	 0.000000	 7.953322	 0.000000	 0.000000	 6.243109	 47.852270	 25.141760	-7.720222	 67.332820	 21.206410	-4.590279	-0.705076	 0.717109	-0.000001	-6.013633	-0.000022	 0.000001	 2.614233	-0.000018	 0.000000	-3.498952	 0.000000	 0.000000	 0.248285	 0.000000	 0.000008	-6.013632	 0.000023	-0.000009	 2.614211	-0.000003	 0.000000	-3.498953	 0.000000	 0.000000	 0.248285	 0.000000
 0.000000	 1.032722	 0.003576	 0.000000	 0.000000	 0.000000	 4.548535	 5.172854	 4.273831	-9.548039	 6.006199	 0.037414	-0.000072	-12.397550	-0.000068	 4.250557	 11.149090	-0.604075	 5.362095	 5.329824	 4.489480	-1.701261	 3.587029	 23.098790	 1.701262	 3.587039	-20.847600	 16.418750	-4.903509	 8.433047	-76.518030	 26.305270	-7.123299	-12.070720	 18.961520	-117.987800	 44.405940	 30.117750	-49.440490	-44.836540	 13.835030	-13.522570	-45.565610	 0.000000	 0.000000	-17.073250	 0.000000	 0.000000	 9.408043	 3.404867	 19.719750	-9.781830	 0.000000	 0.000000	-5.933990	 0.000000	 0.000000	-4.459446	-0.576456	 7.350723	-10.335980	 0.000000	 0.000000	-1.632907	 0.000000	 0.000000	 9.822358	 1.885777	 10.761810	-3.452697	 0.000000	 0.000000	-2.330282	 0.000000	 0.000000	-9.150496	 53.229450	-21.390090	-14.473930	-6.099852	-4.067573	 4.590282	-0.705078	-0.717109	 10.849280	-4.764881	-11.219890	 60.229060	 38.028550	 22.143710	-0.920574	 2.510704	 116.551800	-59.501120	 38.856040	 47.462680	 37.130470	 12.391250	 15.823810	 49.884930	 0.000000	 0.000000	 12.342950	 0.000000	 0.000000	-9.408043	 3.404867	-19.719750	 14.825220	 0.000000	 0.000000	 13.010370	 0.000000	 0.000000	-1.084798	 0.077603	-4.091289	 14.316900	 0.000000	 0.000000	 5.989852	 0.000000	 0.000000	-9.724457	 2.342589	-13.415120	 13.426280	 0.000000	 0.000000	 7.953322	 0.000000	 0.000000	 6.243109	 47.852270	 25.141760	-7.720222	 67.332820	 21.206410	-4.590279	-0.705076	 0.717109	-0.000001	-6.013633	-0.000022	 0.000001	 2.614232	-0.000018	 0.000000	-3.498952	 0.000000	 0.000000	 0.248285	 0.000000	 0.000008	-6.013632	 0.000023	-0.000009	 2.614211	-0.000003	 0.000000	-3.498953	 0.000000	 0.000000	 0.248285	 0.000000
 0.000000	 1.032722	 0.003576	 0.000000	 0.000000	 0.000000	 4.548535	 5.172854	 4.273831	-9.548039	 6.006199	 0.037414	-0.000072	-12.397550	-0.000068	 4.250557	 11.149090	-0.604074	 5.362092	 5.329824	 4.489479	-1.701261	 3.587029	 23.098790	 1.701262	 3.587039	-20.847600	 16.418750	-4.903509	 8.433047	-76.518030	 26.305270	-7.123297	-12.070720	 18.961520	-117.987800	 44.405960	 30.117730	-49.440500	-44.836540	 13.835030	-13.522570	-45.565610	 0.000000	 0.000000	-17.073250	 0.000000	 0.000000	 9.408043	 3.404867	 19.719750	-9.781830	 0.000000	 0.000000	-5.933990	 0.000000	 0.000000	-4.459446	-0.576456	 7.350723	-10.335980	 0.000000	 0.000000	-1.632907	 0.000000	 0.000000	 9.822358	 1.885777	 10.761810	-3.452697	 0.000000	 0.000000	-2.330282	 0.000000	 0.000000	-9.150496	 53.229450	-21.390090	-14.473930	-6.099852	-4.067573	 4.590282	-0.705078	-0.717109	 10.849280	-4.764881	-11.219890	 60.229060	 38.028560	 22.143720	-0.920566	 2.510701	 116.551800	-59.501130	 38.856040	 47.462690	 37.130470	 12.391250	 15.823810	 49.884930	 0.000000	 0.000000	 12.342950	 0.000000	 0.000000	-9.408043	 3.404867	-19.719750	 14.825220	 0.000000	 0.000000	 13.010370	 0.000000	 0.000000	-1.084798	 0.077603	-4.091289	 14.316900	 0.000000	 0.000000	 5.989852	 0.000000	 0.000000	-9.724457	 2.342589	-13.415120	 13.426280	 0.000000	 0.000000	 7.953322	 0.000000	 0.000000	 6.243109	 47.852270	 25.141760	-7.720222	 67.332820	 21.206410	-4.590279	-0.705076	 0.717109	-0.000001	-6.013633	-0.000022	 0.000001	 2.614232	-0.000018	 0.000000	-3.498952	 0.000000	 0.000000	 0.248285	 0.000000	 0.000008	-6.013632	 0.000023	-0.000009	 2.614211	-0.000003	 0.000000	-3.498953	 0.000000	 0.000000	 0.248285	 0.000000
 0.000000	 1.032722	 0.003576	 0.000000	 0.000000	 0.000000	 4.548535	 5.172854	 4.273831	-9.548039	 6.006199	 0.037414	-0.000073	-12.397550	-0.000068	 4.250559	 11.149090	-0.604074	 5.362091	 5.329825	 4.489478	-1.701261	 3.587029	 23.098790	 1.701262	 3.587039	-20.847600	 16.418750	-4.903509	 8.433047	-76.518030	 26.305270	-7.123298	-12.070720	 18.961520	-117.987800	 44.405960	 30.117730	-49.440490	-44.836540	 13.835030	-13.522570	-45.565610	 0.000000	 0.000000	-17.073250	 0.000000	 0.000000	 9.408043	 3.404867	 19.719750	-9.781830	 0.000000	 0.000000	-5.933990	 0.000000	 0.000000	-4.459446	-0.576456	 7.350723	-10.335980	 0.000000	 0.000000	-1.632907	 0.000000	 0.000000	 9.822358	 1.885777	 10.761810	-3.452697	 0.000000	 0.000000	-2.330282	 0.000000	 0.000000	-9.150496	 53.229450	-21.390090	-14.473930	-6.099852	-4.067573	 4.590282	-0.705078	-0.717109	 10.849280	-4.764881	-11.219890	 60.229050	 38.028550	 22.143720	-0.920558	 2.510696	 116.551800	-59.501130	 38.856030	 47.462700	 37.130470	 12.391250	 15.823810	 49.884930	 0.000000	 0.000000	 12.342950	 0.000000	 0.000000	-9.408043	 3.404867	-19.719750	 14.825220	 0.000000	 0.000000	 13.010370	 0.000000	 0.000000	-1.084798	 0.077603	-4.091289	 14.316900	 0.000000	 0.000000	 5.989852	 0.000000	 0.000000	-9.724457	 2.342589	-13.415120	 13.426280	 0.000000	 0.000000	 7.953322	 0.000000	 0.000000	 6.243109	 47.852270	 25.141760	-7.720222	 67.332820	 21.206410	-4.590279	-0.705076	 0.717109	-0.000001	-6.013633	-0.000022	 0.000001	 2.614232	-0.000018	 0.000000	-3.498952	 0.000000	 0.000000	 0.248285	 0.000000	 0.000008	-6.013632	 0.000023	-0.000009	 2.614211	-0.000003	 0.000000	-3.498953	 0.000000	 0.000000	 0.248285	 0.000000
 0.000000	 1.032722	 0.003576	 0.000000	 0.000000	 0.000000	 4.548535	 5.172854	 4.273831	-9.548039	 6.006199	 0.037414	-0.000074	-12.397550	-0.000068	 4.250559	 11.149090	-0.604073	 5.362090	 5.329825	 4.489478	-1.701261	 3.587029	 23.098790	 1.701262	 3.587039	-20.847600	 16.418750	-4.903509	 8.433047	-76.518020	 26.305280	-7.123298	-12.070720	 18.961510	-117.987800	 44.405960	 30.117710	-49.440500	-44.836540	 13.835030	-13.522570	-45.565610	 0.000000	 0.000000	-17.073250	 0.000000	 0.000000	 9.408043	 3.404867	 19.719750	-9.781830	 0.000000	 0.000000	-5.933990	 0.000000	 0.000000	-4.459446	-0.576456	 7.350723	-10.335980	 0.000000	 0.000000	-1.632907	 0.000000	 0.000000	 9.822358	 1.885777	 10.761810	-3.452697	 0.000000	 0.000000	-2.330282	 0.000000	 0.000000	-9.150496	 53.229450	-21.390090	-14.473930	-6.099852	-4.067573	 4.590282	-0.705078	-0.717109	 10.849280	-4.764881	-11.219890	 60.229050	 38.028560	 22.143720	-0.920547	 2.510692	 116.551800	-59.501130	 38.856050	 47.462710	 37.130470	 12.391250	 15.823810	 49.884930	 0.000000	 0.000000	 12.342950	 0.000000	 0.000000	-9.408043	 3.404867	-19.719750	 14.825220	 0.000000	 0.000000	 13.010370	 0.000000	 0.000000	-1.084798	 0.077603	-4.091289	 14.316900	 0.000000	 0.000000	 5.989852	 0.000000	 0.000000	-9.724457	 2.342589	-13.415120	 13.426280	 0.000000	 0.000000	 7.953322	 0.000000	 0.000000	 6.243109	 47.852270	 25.141760	-7.720222	 67.332820	 21.206410	-4.590279	-0.705076	 0.717109	-0.000001	-6.013633	-0.000022	 0.000001	 2.614232	-0.000018	 0.000000	-3.498952	 0.000000	 0.000000	 0.248285	 0.000000	 0.000008	-6.013632	 0.000023	-0.000009	 2.614211	-0.000003	 0.000000	-3.498953	 0.000000	 0.000000	 0.248285	 0.000000
 0.000000	 1.032722	 0.003576	 0.000000	 0.000000	 0.000000	 4.548535	 5.172854	 4.273831	-9.548039	 6.006199	 0.037414	-0.000075	-12.397550	-0.000068	 4.250561	 11.149090	-0.604073	 5.362086	 5.329825	 4.489478	-1.701261	 3.587029	 23.098790	 1.701262	 3.587039	-20.847600	 16.418750	-4.903509	 8.433047	-76.518010	 26.305270	-7.123302	-12.070740	 18.961500	-117.987800	 44.405970	 30.117710	-49.440510	-44.836540	 13.835030	-13.522570	-45.565610	 0.000000	 0.000000	-17.073250	 0.000000	 0.000000	 9.408043	 3.404867	 19.719750	-9.781830	 0.000000	 0.000000	-5.933990	 0.000000	 0.000000	-4.459446	-0.576456	 7.350723	-10.335980	 0.000000	 0.000000	-1.632907	 0.000000	 0.000000	 9.822358	 1.885777	 10.761810	-3.452697	 0.000000	 0.000000	-2.330282	 0.000000	 0.000000	-9.150496	 53.229450	-21.390090	-14.473930	-6.099852	-4.067573	 4.590282	-0.705078	-0.717109	 10.849280	-4.764881	-11.219890	 60.229060	 38.028560	 22.143720	-0.920542	 2.510686	 116.551800	-59.501140	 38.856050	 47.462710	 37.130470	 12.391250	 15.823810	 49.884930	 0.000000	 0.000000	 12.342950	 0.000000	 0.000000	-9.408043	 3.404867	-19.719750	 14.825220	 0.000000	 0.000000	 13.010370	 0.000000	 0.000000	-1.084798	 0.077603	-4.091289	 14.316900	 0.000000	 0.000000	 5.989852	 0.000000	 0.000000	-9.724457	 2.342589	-13.415120	 13.426280	 0.000000	 0.000000	 7.953322	 0.000000	 0.000000	 6.243109	 47.852270	 25.141760	-7.720222	 67.332820	 21.206410	-4.590279	-0.705076	 0.717109	-0.000001	-6.013633	-0.000022	 0.000001	 2.614231	-0.000018	 0.000000	-3.498952	 0.000000	 0.000000	 0.248285	 0.000000	 0.000008	-6.013632	 0.000023	-0.000009	 2.614211	-0.000003	 0.000000	-3.498953	 0.000000	 0.000000	 0.248285	 0.000000
 0.000000	 1.032722	 0.003576	 0.000000	 0.000000	 0.000000	 4.548535	 5.172854	 4.273831	-9.548039	 6.006199	 0.037414	-0.000076	-12.397550	-0.000068	 4.250561	 11.149090	-0.604073	 5.362086	 5.329824	 4.489476	-1.701261	 3.587029	 23.098790	 1.701262	 3.587039	-20.847600	 16.418750	-4.903509	 8.433047	-76.518010	 26.305270	-7.123302	-12.070740	 18.961490	-117.987800	 44.405950	 30.117700	-49.440510	-44.836540	 13.835030	-13.522570	-45.565610	 0.000000	 0.000000	-17.073250	 0.000000	 0.000000	 9.408043	 3.404867	 19.719750	-9.781830	 0.000000	 0.000000	-5.933990	 0.000000	 0.000000	-4.459446	-0.576456	 7.350723	-10.335980	 0.000000	 0.000000	-1.632907	 0.000000	 0.000000	 9.822358	 1.885777	 10.761810	-3.452697	 0.000000	 0.000000	-2.330282	 0.000000	 0.000000	-9.150496	 53.229450	-21.390090	-14.473930	-6.099852	-4.067573	 4.590282	-0.705078	-0.717109	 10.849280	-4.764881	-11.219890	 60.229070	 38.028560	 22.143710	-0.920528	 2.510679	 116.551800	-59.501130	 38.856050	 47.462740	 37.130470	 12.391250	 15.823810	 49.884930	 0.000000	 0.000000	 12.342950	 0.000000	 0.000000	-9.408043	 3.404867	-19.719750	 14.825220	 0.000000	 0.000000	 13.010370	 0.000000	 0.000000	-1.084798	 0.077603	-4.091289	 14.316900	 0.000000	 0.000000	 5.989852	 0.000000	 0.000000	-9.724457	 2.342589	-13.415120	 13.426280	 0.000000	 0.000000	 7.953322	 0.000000	 0.000000	 6.243109	 47.852270	 25.141760	-7.720222	 67.332820	 21.206410	-4.590279	-0.705076	 0.717109	-0.000001	-6.013633	-0.000022	 0.000001	 2.614231	-0.000018	 0.000000	-3.498952	 0.000000	 0.000000	 0.248285	 0.000000	 0.000008	-6.013632	 0.000023	-0.000009	 2.614211	-0.000003	 0.000000	-3.498953	 0.000000	 0.000000	 0.248285	 0.000000
 0.000000	 1.032722	 0.003576	 0.000000	 0.000000	 0.000000	 4.548535	 5.172854	 4.273831	-9.548039	 6.006199	 0.037414	-0.000077	-12.397550	-0.000068	 4.250563	 11.149090	-0.604073	 5.362084	 5.329824	 4.489477	-1.701261	 3.587029	 23.098790	 1.701262	 3.587039	-20.847600	 16.418750	-4.903509	 8.433047	-76.518010	 26.305270	-7.123302	-12.070720	 18.961490	-117.987800	 44.405950	 30.117680	-49.440490	-44.836540	 13.835030	-13.522570	-45.565610	 0.000000	 0.000000	-17.073250	 0.000000	 0.000000	 9.408043	 3.404867	 19.719750	-9.781830	 0.000000	 0.000000	-5.933990	 0.000000	 0.000000	-4.459446	-0.576456	 7.350723	-10.335980	 0.000000	 0.000000	-1.632907	 0.000000	 0.000000	 9.822358	 1.885777	 10.761810	-3.452697	 0.000000	 0.000000	-2.330282	 0.000000	 0.000000	-9.150496	 53.229450	-21.390090	-14.473930	-6.099852	-4.067573	 4.590282	-0.705078	-0.717109	 10.849280	-4.764881	-11.219890	 60.229080	 38.028570	 22.143700	-0.920528	 2.510683	 116.551800	-59.501120	 38.856060	 47.462730	 37.130470	 12.391250	 15.823810	 49.884930	 0.000000	 0.000000	 12.342950	 0.000000	 0.000000	-9.408043	 3.404867	-19.719750	 14.825220	 0.000000	 0.000000	 13.010370	 0.000000	 0.000000	-1.084798	 0.077603	-4.091289	 14.316900	 0.000000	 0.000000	 5.989852	 0.000000	 0.000000	-9.724457	 2.342589	-13.415120	 13.426280	 0.000000	 0.000000	 7.953322	 0.000000	 0.000000	 6.243109	 47.852270	 25.141760	-7.720222	 67.332820	 21.206410	-4.590279	-0.705076	 0.717109	-0.000001	-6.013633	-0.000022	 0.000001	 2.614231	-0.000018	 0.000000	-3.498952	 0.000000	 0.000000	 0.248285	 0.000000	 0.000008	-6.013632	 0.000023	-0.000009	 2.614211	-0.000003	 0.000000	-3.498953	 0.000000	 0.000000	 0.248285	 0.000000
 0.000000	 1.032722	 0.003576	 0.000000	 0.000000	 0.000000	 4.548535	 5.172854	 4.273831	-9.548039	 6.006199	 0.037414	-0.000078	-12.397550	-0.000069	 4.250563	 11.149090	-0.604073	 5.362083	 5.329826	 4.489477	-1.701261	 3.587029	 23.098790	 1.701262	 3.587039	-20.847600	 16.418750	-4.903509	 8.433047	-76.518010	 26.305270	-7.123302	-12.070720	 18.961490	-117.987800	 44.405960	 30.117670	-49.440500	-44.836540	 13.835030	-13.522570	-45.565610	 0.000000	 0.000000	-17.073250	 0.000000	 0.000000	 9.408043	 3.404867	 19.719750	-9.781830	 0.000000	 0.000000	-5.933990	 0.000000	 0.000000	-4.459446	-0.576456	 7.350723	-10.335980	 0.000000	 0.000000	-1.632907	 0.000000	 0.000000	 9.822358	 1.885777	 10.761810	-3.452697	 0.000000	 0.000000	-2.330282	 0.000000	 0.000000	-9.150496	 53.229450	-21.390090	-14.473930	-6.099852	-4.067573	 4.590282	-0.705078	-0.717109	 10.849280	-4.764881	-11.219890	 60.229070	 38.028560	 22.143710	-0.920507	 2.510678	 116.551800	-59.501120	 38.856060	 47.462760	 37.130470	 12.391250	 15.823810	 49.884930	 0.000000	 0.000000	 12.342950	 0.000000	 0.000000	-9.408043	 3.404867	-19.719750	 14.825220	 0.000000	 0.000000	 13.010370	 0.000000	 0.000000	-1.084798	 0.077603	-4.091289	 14.316900	 0.000000	 0.000000	 5.989852	 0.000000	 0.000000	-9.724457	 2.342589	-13.415120	 13.426280	 0.000000	 0.000000	 7.953322	 0.000000	 0.000000	 6.243109	 47.852270	 25.141760	-7.720222	 67.332820	 21.206410	-4.590279	-0.705076	 0.717109	-0.000001	-6.013633	-0.000022	 0.000001	 2.614231	-0.000018	 0.000000	-3.498952	 0.000000	 0.000000	 0.248285	 0.000000	 0.000008	-6.013632	 0.000023	-0.000009	 2.614211	-0.000003	 0.000000	-3.498953	 0.000000	 0.000000	 0.248285	 0.000000
 0.000000	 1.032722	 0.003576	 0.000000	 0.000000	 0.000000	 4.548535	 5.172854	 4.273831	-9.548039	 6.006199	 0.037414	-0.000078	-12.397550	-0.000069	 4.250565	 11.149080	-0.604073	 5.362082	 5.329831	 4.489476	-1.701261	 3.587029	 23.098790	 1.701262	 3.587039	-20.847600	 16.418750	-4.903509	 8.433047	-76.518010	 26.305280	-7.123305	-12.070710	 18.961480	-117.987800	 44.405970	 30.117650	-49.440490	-44.836540	 13.835030	-13.522570	-45.565610	 0.000000	 0.000000	-17.073250	 0.000000	 0.000000	 9.408043	 3.404867	 19.719750	-9.781830	 0.000000	 0.000000	-5.933990	 0.000000	 0.000000	-4.459446	-0.576456	 7.350723	-10.335980	 0.000000	 0.000000	-1.632907	 0.000000	 0.000000	 9.822358	 1.885777	 10.761810	-3.452697	 0.000000	 0.000000	-2.330282	 0.000000	 0.000000	-9.150496	 53.229450	-21.390090	-14.473930	-6.099852	-4.067573	 4.590282	-0.705078	-0.717109	 10.849280	-4.764881	-11.219890	 60.229070	 38.028560	 22.143710	-0.920495	 2.510669	 116.551800	-59.501120	 38.856070	 47.462780	 37.130470	 12.391250	 15.823810	 49.884930	 0.000000	 0.000000	 12.342950	 0.000000	 0.000000	-9.408043	 3.404867	-19.719750	 14.825220	 0.000000	 0.000000	 13.010370	 0.000000	 0.000000	-1.084798	 0.077603	-4.091289	 14.316900	 0.000000	 0.000000	 5.989852	 0.000000	 0.000000	-9.724457	 2.342589	-13.415120	 13.426280	 0.000000	 0.000000	 7.953322	 0.000000	 0.000000	 6.243109	 47.852270	 25.141760	-7.720222	 67.332820	 21.206410	-4.590279	-0.705076	 0.717109	-0.000001	-6.013633	-0.000022	 0.000001	 2.614231	-0.000018	 0.000000	-3.498952	 0.000000	 0.000000	 0.248285	 0.000000	 0.000008	-6.013632	 0.000023	-0.000009	 2.614211	-0.000003	 0.000000	-3.498953	 0.000000	 0.000000	 0.248285	 0.000000
 0.000000	 1.032722	 0.003576	 0.000000	 0.000000	 0.000000	 4.548535	 5.172854	 4.273831	-9.548039	 6.006199	 0.037414	-0.000079	-12.397550	-0.000069	 4.250566	 11.149080	-0.604073	 5.362079	 5.329834	 4.489475	-1.701261	 3.587029	 23.098790	 1.701262	 3.587039	-20.847600	 16.418750	-4.903509	 8.433047	-76.518010	 26.305280	-7.123308	-12.070710	 18.961480	-117.987800	 44.405960	 30.117650	-49.440500	-44.836540	 13.835030	-13.522570	-45.565610	 0.000000	 0.000000	-17.073250	 0.000000	 0.000000	 9.408043	 3.404867	 19.719750	-9.781830	 0.000000	 0.000000	-5.933990	 0.000000	 0.000000	-4.459446	-0.576456	 7.350723	-10.335980	 0.000000	 0.000000	-1.632907	 0.000000	 0.000000	 9.822358	 1.885777	 10.761810	-3.452697	 0.000000	 0.000000	-2.330282	 0.000000	 0.000000	-9.150496	 53.229450	-21.390090	-14.473930	-6.099852	-4.067573	 4.590282	-0.705078	-0.717109	 10.849280	-4.764881	-11.219890	 60.229070	 38.028560	 22.143710	-0.920481	 2.510673	 116.551800	-59.501130	 38.856100	 47.462800	 37.130470	 12.391250	 15.823810	 49.884930	 0.000000	 0.000000	 12.342950	 0.000000	 0.000000	-9.408043	 3.404867	-19.719750	 14.825220	 0.000000	 0.000000	 13.010370	 0.000000	 0.000000	-1.084798	 0.077603	-4.091289	 14.316900	 0.000000	 0.000000	 5.989852	 0.000000	 0.000000	-9.724457	 2.342589	-13.415120	 13.426280	 0.000000	 0.000000	 7.953322	 0.000000	 0.000000	 6.243109	 47.852270	 25.141760	-7.720222	 67.332820	 21.206410	-4.590279	-0.705076	 0.717109	-0.000001	-6.013633	-0.000022	 0.000001	 2.614230	-0.000018	 0.000000	-3.498952	 0.000000	 0.000000	 0.248285	 0.000000	 0.000008	-6.013632	 0.000023	-0.000009	 2.614211	-0.000003	 0.000000	-3.498953	 0.000000	 0.000000	 0.248285	 0.000000
 0.000000	 1.032722	 0.003576	 0.000000	 0.000000	 0.000000	 4.548535	 5.172854	 4.273831	-9.548039	 6.006199	 0.037414	-0.000080	-12.397550	-0.000069	 4.250568	 11.149080	-0.604072	 5.362075	 5.329836	 4.489475	-1.701261	 3.587029	 23.098790	 1.701262	 3.587039	-20.847600	 16.418750	-4.903509	 8.433047	-76.518010	 26.305280	-7.123310	-12.070710	 18.961470	-117.987800	 44.405950	 30.117650	-49.440490	-44.836540	 13.835030	-13.522570	-45.565610	 0.000000	 0.000000	-17.073250	 0.000000	 0.000000	 9.408043	 3.404867	 19.719750	-9.781830	 0.000000	 0.000000	-5.933990	 0.000000	 0.000000	-4.459446	-0.576456	 7.350723	-10.335980	 0.000000	 0.000000	-1.632907	 0.000000	 0.000000	 9.822358	 1.885777	 10.761810	-3.452697	 0.000000	 0.000000	-2.330282	 0.000000	 0.000000	-9.150496	 53.229450	-21.390090	-14.473930	-6.099852	-4.067573	 4.590282	-0.705078	-0.717109	 10.849280	-4.764881	-11.219890	 60.229070	 38.028560	 22.143710	-0.920465	 2.510671	 116.551800	-59.501110	 38.856110	 47.462800	 37.130470	 12.391250	 15.823810	 49.884930	 0.000000	 0.000000	 12.342950	 0.000000	 0.000000	-9.408043	 3.404867	-19.719750	 14.825220	 0.000000	 0.000000	 13.010370	 0.000000	 0.000000	-1.084798	 0.077603	-4.091289	 14.316900	 0.000000	 0.000000	 5.989852	 0.000000	 0.000000	-9.724457	 2.342589	-13.415120	 13.426280	 0.000000	 0.000000	 7.953322	 0.000000	 0.000000	 6.243109	 47.852270	 25.141760	-7.720222	 67.332820	 21.206410	-4.590279	-0.705076	 0.717109	-0.000001	-6.013633	-0.000022	 0.000001	 2.614230	-0.000018	 0.000000	-3.498952	 0.000000	 0.000000	 0.248285	 0.000000	 0.000008	-6.013632	 0.000023	-0.000009	 2.614211	-0.000003	 0.000000	-3.498953	 0.000000	 0.000000	 0.248285	 0.000000
 0.000000	 1.032722	 0.003576	 0.000000	 0.000000	 0.000000	 4.548535	 5.172854	 4.273831	-9.548039	 6.006199	 0.037414	-0.000081	-12.397550	-0.000069	 4.250569	 11.149080	-0.604072	 5.362075	 5.329839	 4.489473	-1.701261	 3.587029	 23.098790	 1.701262	 3.587039	-20.847600	 16.418750	-4.903509	 8.433047	-76.518010	 26.305280	-7.123307	-12.070700	 18.961460	-117.987800	 44.405940	 30.117650	-49.440480	-44.836540	 13.835030	-13.522570	-45.565610	 0.000000	 0.000000	-17.073250	 0.000000	 0.000000	 9.408043	 3.404867	 19.719750	-9.781830	 0.000000	 0.000000	-5.933990	 0.000000	 0.000000	-4.459446	-0.576456	 7.350723	-10.335980	 0.000000	 0.000000	-1.632907	 0.000000	 0.000000	 9.822358	 1.885777	 10.761810	-3.452697	 0.000000	 0.000000	-2.330282	 0.000000	 0.000000	-9.150496	 53.229450	-21.390090	-14.473930	-6.099852	-4.067573	 4.590282	-0.705078	-0.717109	 10.849280	-4.764881	-11.219890	 60.229070	 38.028560	 22.143710	-0.920471	 2.510671	 116.551800	-59.501130	 38.856090	 47.462800	 37.130470	 12.391250	 15.823810	 49.884930	 0.000000	 0.000000	 12.342950	 0.000000	 0.000000	-9.408043	 3.404867	-19.719750	 14.825220	 0.000000	 0.000000	 13.010370	 0.000000	 0.000000	-1.084798	 0.077603	-4.091289	 14.316900	 0.000000	 0.000000	 5.989852	 0.000000	 0.000000	-9.724457	 2.342589	-13.415120	 13.426280	 0.000000	 0.000000	 7.953322	 0.000000	 0.000000	 6.243109	 47.852270	 25.141760	-7.720222	 67.332820	 21.206410	-4.590279	-0.705076	 0.717109	-0.000001	-6.013633	-0.000022	 0.000001	 2.614230	-0.000018	 0.000000	-3.498952	 0.000000	 0.000000	 0.248285	 0.000000	 0.000008	-6.013632	 0.000023	-0.000009	 2.614211	-0.000003	 0.000000	-3.498953	 0.000000	 0.000000	 0.248285	 0.000000
 0.000000	 1.032722	 0.003576	 0.000000	 0.000000	 0.000000	 4.548535	 5.172854	 4.273831	-9.548039	 6.006199	 0.037414	-0.000082	-12.397550	-0.000069	 4.250571	 11.149080	-0.604072	 5.362075	 5.329841	 4.489473	-1.701261	 3.587029	 23.098790	 1.701262	 3.587039	-20.847600	 16.418750	-4.903509	 8.433047	-76.518010	 26.305280	-7.123310	-12.070710	 18.961450	-117.987800	 44.405930	 30.117650	-49.440480	-44.836540	 13.835030	-13.522570	-45.565610	 0.000000	 0.000000	-17.073250	 0.000000	 0.000000	 9.408043	 3.404867	 19.719750	-9.781830	 0.000000	 0.000000	-5.933990	 0.000000	 0.000000	-4.459446	-0.576456	 7.350723	-10.335980	 0.000000	 0.000000	-1.632907	 0.000000	 0.000000	 9.822358	 1.885777	 10.761810	-3.452697	 0.000000	 0.000000	-2.330282	 0.000000	 0.000000	-9.150496	 53.229450	-21.390090	-14.473930	-6.099852	-4.067573	 4.590282	-0.705078	-0.717109	 10.849280	-4.764881	-11.219890	 60.229070	 38.028570	 22.143710	-0.920454	 2.510670	 116.551800	-59.501140	 38.856110	 47.462840	 37.130470	 12.391250	 15.823810	 49.884930	 0.000000	 0.000000	 12.342950	 0.000000	 0.000000	-9.408043	 3.404867	-19.719750	 14.825220	 0.000000	 0.000000	 13.010370	 0.000000	 0.000000	-1.084798	 0.077603	-4.091289	 14.316900	 0.000000	 0.000000	 5.989852	 0.000000	 0.000000	-9.724457	 2.342589	-13.415120	 13.426280	 0.000000	 0.000000	 7.953322	 0.000000	 0.000000	 6.243109	 47.852270	 25.141760	-7.720222	 67.332820	 21.206410	-4.590279	-0.705076	 0.717109	-0.000001	-6.013633	-0.000022	 0.000001	 2.614230	-0.000018	 0.000000	-3.498952	 0.000000	 0.000000	 0.248285	 0.000000	 0.000008	-6.013632	 0.000023	-0.000009	 2.614211	-0.000003	 0.000000	-3.498953	 0.000000	 0.000000	 0.248285	 0.000000
 0.000000	 1.032722	 0.003576	 0.000000	 0.000000	 0.000000	 4.548535	 5.172854	 4.273831	-9.548039	 6.006199	 0.037414	-0.000083	-12.397550	-0.000069	 4.250572	 11.149080	-0.604072	 5.362074	 5.329844	 4.489472	-1.701261	 3.587029	 23.098790	 1.701262	 3.587039	-20.847600	 16.418750	-4.903509	 8.433047	-76.518010	 26.305280	-7.123313	-12.070720	 18.961440	-117.987800	 44.405910	 30.117650	-49.440480	-44.836540	 13.835030	-13.522570	-45.565610	 0.000000	 0.000000	-17.073250	 0.000000	 0.000000	 9.408043	 3.404867	 19.719750	-9.781830	 0.000000	 0.000000	-5.933990	 0.000000	 0.000000	-4.459446	-0.576456	 7.350723	-10.335980	 0.000000	 0.000000	-1.632907	 0.000000	 0.000000	 9.822358	 1.885777	 10.761810	-3.452697	 0.000000	 0.000000	-2.330282	 0.000000	 0.000000	-9.150496	 53.229450	-21.390090	-14.473930	-6.099852	-4.067573	 4.590282	-0.705078	-0.717109	 10.849280	-4.764881	-11.219890	 60.229080	 38.028570	 22.143700	-0.920466	 2.510664	 116.551800	-59.501130	 38.856110	 47.462830	 37.130470	 12.391250	 15.823810	 49.884930	 0.000000	 0.000000	 12.342950	 0.000000	 0.000000	-9.408043	 3.404867	-19.719750	 14.825220	 0.000000	 0.000000	 13.010370	 0.000000	 0.000000	-1.084798	 0.077603	-4.091289	 14.316900	 0.000000	 0.000000	 5.989852	 0.000000	 0.000000	-9.724457	 2.342589	-13.415120	 13.426280	 0.000000	 0.000000	 7.953322	 0.000000	 0.000000	 6.243109	 47.852270	 25.141760	-7.720222	 67.332820	 21.206410	-4.590279	-0.705076	 0.717109	-0.000001	-6.013633	-0.000022	 0.000001	 2.614229	-0.000018	 0.000000	-3.498952	 0.000000	 0.000000	 0.248285	 0.000000	 0.000008	-6.013632	 0.000023	-0.000009	 2.614211	-0.000003	 0.000000	-3.498953	 0.000000	 0.000000	 0.248285	 0.000000
 0.000000	 1.032722	 0.003576	 0.000000	 0.000000	 0.000000	 4.548535	 5.172854	 4.273831	-9.548039	 6.006199	 0.037414	-0.000084	-12.397550	-0.000070	 4.250575	 11.149080	-0.604072	 5.362071	 5.329844	 4.489470	-1.701261	 3.587029	 23.098790	 1.701262	 3.587039	-20.847600	 16.418750	-4.903509	 8.433047	-76.518000	 26.305280	-7.123316	-12.070730	 18.961440	-117.987800	 44.405910	 30.117660	-49.440480	-44.836540	 13.835030	-13.522570	-45.565610	 0.000000	 0.000000	-17.073250	 0.000000	 0.000000	 9.408043	 3.404867	 19.719750	-9.781830	 0.000000	 0.000000	-5.933990	 0.000000	 0.000000	-4.459446	-0.576456	 7.350723	-10.335980	 0.000000	 0.000000	-1.632907	 0.000000	 0.000000	 9.822358	 1.885777	 10.761810	-3.452697	 0.000000	 0.000000	-2.330282	 0.000000	 0.000000	-9.150496	 53.229450	-21.390090	-14.473930	-6.099852	-4.067573	 4.590282	-0.705078	-0.717109	 10.849280	-4.764881	-11.219890	 60.229060	 38.028560	 22.143710	-0.920457	 2.510655	 116.551800	-59.501130	 38.856100	 47.462830	 37.130470	 12.391250	 15.823810	 49.884930	 0.000000	 0.000000	 12.342950	 0.000000	 0.000000	-9.408043	 3.404867	-19.719750	 14.825220	 0.000000	 0.000000	 13.010370	 0.000000	 0.000000	-1.084798	 0.077603	-4.091289	 14.316900	 0.000000	 0.000000	 5.989852	 0.000000	 0.000000	-9.724457	 2.342589	-13.415120	 13.426280	 0.000000	 0.000000	 7.953322	 0.000000	 0.000000	 6.243109	 47.852270	 25.141760	-7.720222	 67.332820	 21.206410	-4.590279	-0.705076	 0.717109	-0.000001	-6.013633	-0.000022	 0.000001	 2.614229	-0.000018	 0.000000	-3.498952	 0.000000	 0.000000	 0.248285	 0.000000	 0.000008	-6.013632	 0.000023	-0.000009	 2.614211	-0.000003	 0.000000	-3.498953	 0.000000	 0.000000	 0.248285	 0.000000
 0.000000	 1.032722	 0.003576	 0.000000	 0.000000	 0.000000	 4.548535	 5.172854	 4.273831	-9.548039	 6.006199	 0.037414	-0.000085	-12.397550	-0.000070	 4.250576	 11.149080	-0.604072	 5.362068	 5.329846	 4.489469	-1.701261	 3.587029	 23.098790	 1.701262	 3.587039	-20.847600	 16.418750	-4.903509	 8.433047	-76.518010	 26.305280	-7.123314	-12.070720	 18.961430	-117.987800	 44.405900	 30.117650	-49.440460	-44.836540	 13.835030	-13.522570	-45.565610	 0.000000	 0.000000	-17.073250	 0.000000	 0.000000	 9.408043	 3.404867	 19.719750	-9.781830	 0.000000	 0.000000	-5.933990	 0.000000	 0.000000	-4.459446	-0.576456	 7.350723	-10.335980	 0.000000	 0.000000	-1.632907	 0.000000	 0.000000	 9.822358	 1.885777	 10.761810	-3.452697	 0.000000	 0.000000	-2.330282	 0.000000	 0.000000	-9.150496	 53.229450	-21.390090	-14.473930	-6.099852	-4.067573	 4.590282	-0.705078	-0.717109	 10.849280	-4.764881	-11.219890	 60.229060	 38.028570	 22.143710	-0.920465	 2.510662	 116.551800	-59.501130	 38.856090	 47.462820	 37.130470	 12.391250	 15.823810	 49.884930	 0.000000	 0.000000	 12.342950	 0.000000	 0.000000	-9.408043	 3.404867	-19.719750	 14.825220	 0.000000	 0.000000	 13.010370	 0.000000	 0.000000	-1.084798	 0.077603	-4.091289	 14.316900	 0.000000	 0.000000	 5.989852	 0.000000	 0.000000	-9.724457	 2.342589	-13.415120	 13.426280	 0.000000	 0.000000	 7.953322	 0.000000	 0.000000	 6.243109	 47.852270	 25.141760	-7.720222	 67.332820	 21.206410	-4.590279	-0.705076	 0.717109	-0.000001	-6.013633	-0.000022	 0.000001	 2.614229	-0.000018	 0.000000	-3.498952	 0.000000	 0.000000	 0.248285	 0.000000	 0.000008	-6.013632	 0.000023	-0.000009	 2.614211	-0.000003	 0.000000	-3.498953	 0.000000	 0.000000	 0.248285	 0.000000
 0.000000	 1.032722	 0.003576	 0.000000	 0.000000	 0.000000	 4.548535	 5.172854	 4.273831	-9.548039	 6.006199	 0.037414	-0.000085	-12.397550	-0.000070	 4.250578	 11.149080	-0.604072	 5.362065	 5.329849	 4.489468	-1.701261	 3.587029	 23.098790	 1.701262	 3.587039	-20.847600	 16.418750	-4.903509	 8.433047	-76.518000	 26.305280	-7.123318	-12.070720	 18.961410	-117.987800	 44.405890	 30.117650	-49.440440	-44.836540	 13.835030	-13.522570	-45.565610	 0.000000	 0.000000	-17.073250	 0.000000	 0.000000	 9.408043	 3.404867	 19.719750	-9.781830	 0.000000	 0.000000	-5.933990	 0.000000	 0.000000	-4.459446	-0.576456	 7.350723	-10.335980	 0.000000	 0.000000	-1.632907	 0.000000	 0.000000	 9.822358	 1.885777	 10.761810	-3.452697	 0.000000	 0.000000	-2.330282	 0.000000	 0.000000	-9.150496	 53.229450	-21.390090	-14.473930	-6.099852	-4.067573	 4.590282	-0.705078	-0.717109	 10.849280	-4.764881	-11.219890	 60.229060	 38.028560	 22.143700	-0.920463	 2.510659	 116.551800	-59.501130	 38.856100	 47.462820	 37.130470	 12.391250	 15.823810	 49.884930	 0.000000	 0.000000	 12.342950	 0.000000	 0.000000	-9.408043	 3.404867	-19.719750	 14.825220	 0.000000	 0.000000	 13.010370	 0.000000	 0.000000	-1.084798	 0.077603	-4.091289	 14.316900	 0.000000	 0.000000	 5.989852	 0.000000	 0.000000	-9.724457	 2.342589	-13.415120	 13.426280	 0.000000	 0.000000	 7.953322	 0.000000	 0.000000	 6.243109	 47.852270	 25.141760	-7.720222	 67.332820	 21.206410	-4.590279	-0.705076	 0.717109	-0.000001	-6.013633	-0.000022	 0.000001	 2.614229	-0.000018	 0.000000	-3.498952	 0.000000	 0.000000	 0.248285	 0.000000	 0.000008	-6.013632	 0.000023	-0.000009	 2.614211	-0.000003	 0.000000	-3.498953	 0.000000	 0.000000	 0.248285	 0.000000
 0.000000	 1.032722	 0.003576	 0.000000	 0.000000	 0.000000	 4.548535	 5.172854	 4.273831	-9.548039	 6.006199	 0.037414	-0.000086	-12.397560	-0.000070	 4.250580	 11.149080	-0.604072	 5.362062	 5.329852	 4.489465	-1.701261	 3.587029	 23.098790	 1.701262	 3.587039	-20.847600	 16.418750	-4.903509	 8.433047	-76.518000	 26.305290	-7.123318	-12.070720	 18.961400	-117.987800	 44.405880	 30.117650	-49.440430	-44.836540	 13.835030	-13.522570	-45.565610	 0.000000	 0.000000	-17.073250	 0.000000	 0.000000	 9.408043	 3.404867	 19.719750	-9.781830	 0.000000	 0.000000	-5.933990	 0.000000	 0.000000	-4.459446	-0.576456	 7.350723	-10.335980	 0.000000	 0.000000	-1.632907	 0.000000	 0.000000	 9.822358	 1.885777	 10.761810	-3.452697	 0.000000	 0.000000	-2.330282	 0.000000	 0.000000	-9.150496	 53.229450	-21.390090	-14.473930	-6.099852	-4.067573	 4.590282	-0.705078	-0.717109	 10.849280	-4.764881	-11.219890	 60.229070	 38.028580	 22.143700	-0.920465	 2.510646	 116.551800	-59.501130	 38.856110	 47.462820	 37.130470	 12.391250	 15.823810	 49.884930	 0.000000	 0.000000	 12.342950	 0.000000	 0.000000	-9.408043	 3.404867	-19.719750	 14.825220	 0.000000	 0.000000	 13.010370	 0.000000	 0.000000	-1.084798	 0.077603	-4.091289	 14.316900	 0.000000	 0.000000	 5.989852	 0.000000	 0.000000	-9.724457	 2.342589	-13.415120	 13.426280	 0.000000	 0.000000	 7.953322	 0.000000	 0.000000	 6.243109	 47.852270	 25.141760	-7.720222	 67.332820	 21.206410	-4.590279	-0.705076	 0.717109	-0.000001	-6.013633	-0.000022	 0.000001	 2.614229	-0.000018	 0.000000	-3.498952	 0.000000	 0.000000	 0.248285	 0.000000	 0.000008	-6.013632	 0.000023	-0.000009	 2.614211	-0.000003	 0.000000	-3.498953	 0.000000	 0.000000	 0.248285	 0.000000
 0.000000	 1.032722	 0.003576	 0.000000	 0.000000	 0.000000	 4.548535	 5.172854	 4.273831	-9.548039	 6.006199	 0.037414	-0.000087	-12.397560	-0.000070	 4.250582	 11.149070	-0.604072	 5.362059	 5.329853	 4.489463	-1.701261	 3.587029	 23.098790	 1.701262	 3.587039	-20.847600	 16.418750	-4.903509	 8.433047	-76.518000	 26.305280	-7.123314	-12.070720	 18.961410	-117.987800	 44.405880	 30.117650	-49.440420	-44.836540	 13.835030	-13.522570	-45.565610	 0.000000	 0.000000	-17.073250	 0.000000	 0.000000	 9.408043	 3.404867	 19.719750	-9.781830	 0.000000	 0.000000	-5.933990	 0.000000	 0.000000	-4.459446	-0.576456	 7.350723	-10.335980	 0.000000	 0.000000	-1.632907	 0.000000	 0.000000	 9.822358	 1.885777	 10.761810	-3.452697	 0.000000	 0.000000	-2.330282	 0.000000	 0.000000	-9.150496	 53.229450	-21.390090	-14.473930	-6.099852	-4.067573	 4.590282	-0.705078	-0.717109	 10.849280	-4.764881	-11.219890	 60.229070	 38.028580	 22.143700	-0.920473	 2.510635	 116.551800	-59.501130	 38.856130	 47.462810	 37.130470	 12.391250	 15.823810	 49.884930	 0.000000	 0.000000	 12.342950	 0.000000	 0.000000	-9.408043	 3.404867	-19.719750	 14.825220	 0.000000	 0.000000	 13.010370	 0.000000	 0.000000	-1.084798	 0.077603	-4.091289	 14.316900	 0.000000	 0.000000	 5.989852	 0.000000	 0.000000	-9.724457	 2.342589	-13.415120	 13.426280	 0.000000	 0.000000	 7.953322	 0.000000	 0.000000	 6.243109	 47.852270	 25.141760	-7.720222	 67.332820	 21.206410	-4.590279	-0.705076	 0.717109	-0.000001	-6.013633	-0.000022	 0.000001	 2.614228	-0.000018	 0.000000	-3.498952	 0.000000	 0.000000	 0.248285	 0.000000	 0.000008	-6.013632	 0.000023	-0.000009	 2.614211	-0.000003	 0.000000	-3.498953	 0.000000	 0.000000	 0.248285	 0.000000
 0.000000	 1.032722	 0.003576	 0.000000	 0.000000	 0.000000	 4.548535	 5.172854	 4.273831	-9.548039	 6.006199	 0.037414	-0.000088	-12.397560	-0.000071	 4.250584	 11.149070	-0.604072	 5.362057	 5.329854	 4.489461	-1.701261	 3.587029	 23.098790	 1.701262	 3.587039	-20.847600	 16.418750	-4.903509	 8.433047	-76.517970	 26.305280	-7.123319	-12.070720	 18.961400	-117.987800	 44.405890	 30.117630	-49.440420	-44.836540	 13.835030	-13.522570	-45.565610	 0.000000	 0.000000	-17.073250	 0.000000	 0.000000	 9.408043	 3.404867	 19.719750	-9.781830	 0.000000	 0.000000	-5.933990	 0.000000	 0.000000	-4.459446	-0.576456	 7.350723	-10.335980	 0.000000	 0.000000	-1.632907	 0.000000	 0.000000	 9.822358	 1.885777	 10.761810	-3.452697	 0.000000	 0.000000	-2.330282	 0.000000	 0.000000	-9.150496	 53.229450	-21.390090	-14.473930	-6.099852	-4.067573	 4.590282	-0.705078	-0.717109	 10.849280	-4.764881	-11.219890	 60.229060	 38.028580	 22.143700	-0.920478	 2.510624	 116.551800	-59.501130	 38.856110	 47.462800	 37.130470	 12.391250	 15.823810	 49.884930	 0.000000	 0.000000	 12.342950	 0.000000	 0.000000	-9.408043	 3.404867	-19.719750	 14.825220	 0.000000	 0.000000	 13.010370	 0.000000	 0.000000	-1.084798	 0.077603	-4.091289	 14.316900	 0.000000	 0.000000	 5.989852	 0.000000	 0.000000	-9.724457	 2.342589	-13.415120	 13.426280	 0.000000	 0.000000	 7.953322	 0.000000	 0.000000	 6.243109	 47.852270	 25.141760	-7.720222	 67.332820	 21.206410	-4.590279	-0.705076	 0.717109	-0.000001	-6.013633	-0.000022	 0.000001	 2.614228	-0.000018	 0.000000	-3.498952	 0.000000	 0.000000	 0.248285	 0.000000	 0.000008	-6.013632	 0.000023	-0.000009	 2.614211	-0.000003	 0.000000	-3.498953	 0.000000	 0.000000	 0.248285	 0.000000
 0.000000	 1.032722	 0.003576	 0.000000	 0.000000	 0.000000	 4.548535	 5.172854	 4.273831	-9.548039	 6.006199	 0.037414	-0.000089	-12.397560	-0.000071	 4.250586	 11.149070	-0.604071	 5.362055	 5.329855	 4.489460	-1.701261	 3.587029	 23.098790	 1.701262	 3.587039	-20.847600	 16.418750	-4.903509	 8.433047	-76.517970	 26.305280	-7.123323	-12.070730	 18.961390	-117.987800	 44.405880	 30.117630	-49.440420	-44.836540	 13.835030	-13.522570	-45.565610	 0.000000	 0.000000	-17.073250	 0.000000	 0.000000	 9.408043	 3.404867	 19.719750	-9.781830	 0.000000	 0.000000	-5.933990	 0.000000	 0.000000	-4.459446	-0.576456	 7.350723	-10.335980	 0.000000	 0.000000	-1.632907	 0.000000	 0.000000	 9.822358	 1.885777	 10.761810	-3.452697	 0.000000	 0.000000	-2.330282	 0.000000	 0.000000	-9.150496	 53.229450	-21.390090	-14.473930	-6.099852	-4.067573	 4.590282	-0.705078	-0.717109	 10.849280	-4.764881	-11.219890	 60.229060	 38.028580	 22.143700	-0.920477	 2.510615	 116.551800	-59.501130	 38.856110	 47.462800	 37.130470	 12.391250	 15.823810	 49.884930	 0.000000	 0.000000	 12.342950	 0.000000	 0.000000	-9.408043	 3.404867	-19.719750	 14.825220	 0.000000	 0.000000	 13.010370	 0.000000	 0.000000	-1.084798	 0.077603	-4.091289	 14.316900	 0.000000	 0.000000	 5.989852	 0.000000	 0.000000	-9.724457	 2.342589	-13.415120	 13.426280	 0.000000	 0.000000	 7.953322	 0.000000	 0.000000	 6.243109	 47.852270	 25.141760	-7.720222	 67.332820	 21.206410	-4.590279	-0.705076	 0.717109	-0.000001	-6.013633	-0.000022	 0.000001	 2.614228	-0.000018	 0.000000	-3.498952	 0.000000	 0.000000	 0.248285	 0.000000	 0.000008	-6.013632	 0.000023	-0.000009	 2.614211	-0.000003	 0.000000	-3.498953	 0.000000	 0.000000	 0.248285	 0.000000
 0.000000	 1.032722	 0.003576	 0.000000	 0.000000	 0.000000	 4.548535	 5.172854	 4.273831	-9.548039	 6.006199	 0.037414	-0.000090	-12.397560	-0.000071	 4.250588	 11.149070	-0.604072	 5.362053	 5.329857	 4.489460	-1.701261	 3.587029	 23.098790	 1.701262	 3.587039	-20.847600	 16.418750	-4.903509	 8.433047	-76.517950	 26.305290	-7.123330	-12.070740	 18.961380	-117.987800	 44.405880	 30.117650	-49.440420	-44.836540	 13.835030	-13.522570	-45.565610	 0.000000	 0.000000	-17.073250	 0.000000	 0.000000	 9.408043	 3.404867	 19.719750	-9.781830	 0.000000	 0.000000	-5.933990	 0.000000	 0.000000	-4.459446	-0.576456	 7.350723	-10.335980	 0.000000	 0.000000	-1.632907	 0.000000	 0.000000	 9.822358	 1.885777	 10.761810	-3.452697	 0.000000	 0.000000	-2.330282	 0.000000	 0.000000	-9.150496	 53.229450	-21.390090	-14.473930	-6.099852	-4.067573	 4.590282	-0.705078	-0.717109	 10.849280	-4.764881	-11.219890	 60.229050	 38.028580	 22.143710	-0.920460	 2.510603	 116.551800	-59.501130	 38.856110	 47.462810	 37.130470	 12.391250	 15.823810	 49.884930	 0.000000	 0.000000	 12.342950	 0.000000	 0.000000	-9.408043	 3.404867	-19.719750	 14.825220	 0.000000	 0.000000	 13.010370	 0.000000	 0.000000	-1.084798	 0.077603	-4.091289	 14.316900	 0.000000	 0.000000	 5.989852	 0.000000	 0.000000	-9.724457	 2.342589	-13.415120	 13.426280	 0.000000	 0.000000	 7.953322	 0.000000	 0.000000	 6.243109	 47.852270	 25.141760	-7.720222	 67.332820	 21.206410	-4.590279	-0.705076	 0.717109	-0.000001	-6.013633	-0.000022	 0.000001	 2.614228	-0.000018	 0.000000	-3.498952	 0.000000	 0.000000	 0.248285	 0.000000	 0.000008	-6.013632	 0.000023	-0.000009	 2.614211	-0.000003	 0.000000	-3.498953	 0.000000	 0.000000	 0.248285	 0.000000
 0.000000	 1.032722	 0.003576	 0.000000	 0.000000	 0.000000	 4.548535	 5.172854	 4.273831	-9.548039	 6.006199	 0.037414	-0.000091	-12.397560	-0.000071	 4.250590	 11.149070	-0.604072	 5.362051	 5.329859	 4.489460	-1.701261	 3.587029	 23.098790	 1.701262	 3.587039	-20.847600	 16.418750	-4.903509	 8.433047	-76.517940	 26.305280	-7.123333	-12.070760	 18.961390	-117.987800	 44.405890	 30.117660	-49.440430	-44.836540	 13.835030	-13.522570	-45.565610	 0.000000	 0.000000	-17.073250	 0.000000	 0.000000	 9.408043	 3.404867	 19.719750	-9.781830	 0.000000	 0.000000	-5.933990	 0.000000	 0.000000	-4.459446	-0.576456	 7.350723	-10.335980	 0.000000	 0.000000	-1.632907	 0.000000	 0.000000	 9.822358	 1.885777	 10.761810	-3.452697	 0.000000	 0.000000	-2.330282	 0.000000	 0.000000	-9.150496	 53.229450	-21.390090	-14.473930	-6.099852	-4.067573	 4.590282	-0.705078	-0.717109	 10.849280	-4.764881	-11.219890	 60.229050	 38.028580	 22.143710	-0.920453	 2.510596	 116.551800	-59.501140	 38.856100	 47.462820	 37.130470	 12.391250	 15.823810	 49.884930	 0.000000	 0.000000	 12.342950	 0.000000	 0.000000	-9.408043	 3.404867	-19.719750	 14.825220	 0.000000	 0.000000	 13.010370	 0.000000	 0.000000	-1.084798	 0.077603	-4.091289	 14.316900	 0.000000	 0.000000	 5.989852	 0.000000	 0.000000	-9.724457	 2.342589	-13.415120	 13.426280	 0.000000	 0.000000	 7.953322	 0.000000	 0.000000	 6.243109	 47.852270	 25.141760	-7.720222	 67.332820	 21.206410	-4.590279	-0.705076	 0.717109	-0.000001	-6.013633	-0.000022	 0.000001	 2.614228	-0.000018	 0.000000	-3.498952	 0.000000	 0.000000	 0.248285	 0.000000	 0.000008	-6.013632	 0.000023	-0.000009	 2.614211	-0.000003	 0.000000	-3.498953	 0.000000	 0.000000	 0.248285	 0.000000
 0.000000	 1.032722	 0.003576	 0.000000	 0.000000	 0.000000	 4.548535	 5.172854	 4.273831	-9.548039	 6.006199	 0.037414	-0.000092	-12.397560	-0.000071	 4.250592	 11.149070	-0.604072	 5.362048	 5.329861	 4.489458	-1.701261	 3.587029	 23.098790	 1.701262	 3.587039	-20.847600	 16.418750	-4.903509	 8.433047	-76.517930	 26.305280	-7.123334	-12.070760	 18.961390	-117.987800	 44.405880	 30.117660	-49.440420	-44.836540	 13.835030	-13.522570	-45.565610	 0.000000	 0.000000	-17.073250	 0.000000	 0.000000	 9.408043	 3.404867	 19.719750	-9.781830	 0.000000	 0.000000	-5.933990	 0.000000	 0.000000	-4.459446	-0.576456	 7.350723	-10.335980	 0.000000	 0.000000	-1.632907	 0.000000	 0.000000	 9.822358	 1.885777	 10.761810	-3.452697	 0.000000	 0.000000	-2.330282	 0.000000	 0.000000	-9.150496	 53.229450	-21.390090	-14.473930	-6.099852	-4.067573	 4.590282	-0.705078	-0.717109	 10.849280	-4.764881	-11.219890	 60.229050	 38.028580	 22.143710	-0.920453	 2.510594	 116.551800	-59.501140	 38.856100	 47.462830	 37.130470	 12.391250	 15.823810	 49.884930	 0.000000	 0.000000	 12.342950	 0.000000	 0.000000	-9.408043	 3.404867	-19.719750	 14.825220	 0.000000	 0.000000	 13.010370	 0.000000	 0.000000	-1.084798	 0.077603	-4.091289	 14.316900	 0.000000	 0.000000	 5.989852	 0.000000	 0.000000	-9.724457	 2.342589	-13.415120	 13.426280	 0.000000	 0.000000	 7.953322	 0.000000	 0.000000	 6.243109	 47.852270	 25.141760	-7.720222	 67.332820	 21.206410	-4.590279	-0.705076	 0.717109	-0.000001	-6.013633	-0.000022	 0.000001	 2.614227	-0.000018	 0.000000	-3.498952	 0.000000	 0.000000	 0.248285	 0.000000	 0.000008	-6.013632	 0.000023	-0.000009	 2.614211	-0.000003	 0.000000	-3.498953	 0.000000	 0.000000	 0.248285	 0.000000
 0.000000	 1.032722	 0.003576	 0.000000	 0.000000	 0.000000	 4.548535	 5.172854	 4.273831	-9.548039	 6.006199	 0.037414	-0.000093	-12.397560	-0.000072	 4.250595	 11.149070	-0.604072	 5.362044	 5.329861	 4.489456	-1.701261	 3.587029	 23.098790	 1.701262	 3.587039	-20.847600	 16.418750	-4.903509	 8.433047	-76.517930	 26.305280	-7.123334	-12.070760	 18.961390	-117.987800	 44.405900	 30.117650	-49.440430	-44.836540	 13.835030	-13.522570	-45.565610	 0.000000	 0.000000	-17.073250	 0.000000	 0.000000	 9.408043	 3.404867	 19.719750	-9.781830	 0.000000	 0.000000	-5.933990	 0.000000	 0.000000	-4.459446	-0.576456	 7.350723	-10.335980	 0.000000	 0.000000	-1.632907	 0.000000	 0.000000	 9.822358	 1.885777	 10.761810	-3.452697	 0.000000	 0.000000	-2.330282	 0.000000	 0.000000	-9.150496	 53.229450	-21.390090	-14.473930	-6.099852	-4.067573	 4.590282	-0.705078	-0.717109	 10.849280	-4.764881	-11.219890	 60.229050	 38.028580	 22.143700	-0.920451	 2.510583	 116.551800	-59.501140	 38.856100	 47.462840	 37.130470	 12.391250	 15.823810	 49.884930	 0.000000	 0.000000	 12.342950	 0.000000	 0.000000	-9.408043	 3.404867	-19.719750	 14.825220	 0.000000	 0.000000	 13.010370	 0.000000	 0.000000	-1.084798	 0.077603	-4.091289	 14.316900	 0.000000	 0.000000	 5.989852	 0.000000	 0.000000	-9.724457	 2.342589	-13.415120	 13.426280	 0.000000	 0.000000	 7.953322	 0.000000	 0.000000	 6.243109	 47.852270	 25.141760	-7.720222	 67.332820	 21.206410	-4.590279	-0.705076	 0.717109	-0.000001	-6.013633	-0.000022	 0.000001	 2.614227	-0.000018	 0.000000	-3.498952	 0.000000	 0.000000	 0.248285	 0.000000	 0.000008	-6.013632	 0.000023	-0.000009	 2.614211	-0.000003	 0.000000	-3.498953	 0.000000	 0.000000	 0.248285	 0.000000
 0.000000	 1.032722	 0.003576	 0.000000	 0.000000	 0.000000	 4.548535	 5.172854	 4.273831	-9.548039	 6.006199	 0.037414	-0.000093	-12.397560	-0.000072	 4.250597	 11.149060	-0.604072	 5.362042	 5.329863	 4.489455	-1.701261	 3.587029	 23.098790	 1.701262	 3.587039	-20.847600	 16.418750	-4.903509	 8.433047	-76.517930	 26.305290	-7.123336	-12.070750	 18.961390	-117.987800	 44.405900	 30.117650	-49.440420	-44.836540	 13.835030	-13.522570	-45.565610	 0.000000	 0.000000	-17.073250	 0.000000	 0.000000	 9.408043	 3.404867	 19.719750	-9.781830	 0.000000	 0.000000	-5.933990	 0.000000	 0.000000	-4.459446	-0.576456	 7.350723	-10.335980	 0.000000	 0.000000	-1.632907	 0.000000	 0.000000	 9.822358	 1.885777	 10.761810	-3.452697	 0.000000	 0.000000	-2.330282	 0.000000	 0.000000	-9.150496	 53.229450	-21.390090	-14.473930	-6.099852	-4.067573	 4.590282	-0.705078	-0.717109	 10.849280	-4.764881	-11.219890	 60.229050	 38.028590	 22.143700	-0.920452	 2.510580	 116.551800	-59.501140	 38.856080	 47.462840	 37.130470	 12.391250	 15.823810	 49.884930	 0.000000	 0.000000	 12.342950	 0.000000	 0.000000	-9.408043	 3.404867	-19.719750	 14.825220	 0.000000	 0.000000	 13.010370	 0.000000	 0.000000	-1.084798	 0.077603	-4.091289	 14.316900	 0.000000	 0.000000	 5.989852	 0.000000	 0.000000	-9.724457	 2.342589	-13.415120	 13.426280	 0.000000	 0.000000	 7.953322	 0.000000	 0.000000	 6.243109	 47.852270	 25.141760	-7.720222	 67.332820	 21.206410	-4.590279	-0.705076	 0.717109	-0.000001	-6.013633	-0.000022	 0.000001	 2.614227	-0.000018	 0.000000	-3.498952	 0.000000	 0.000000	 0.248285	 0.000000	 0.000008	-6.013632	 0.000023	-0.000009	 2.614211	-0.000003	 0.000000	-3.498953	 0.000000	 0.000000	 0.248285	 0.000000
 0.000000	 1.032722	 0.003576	 0.000000	 0.000000	 0.000000	 4.548535	 5.172854	 4.273831	-9.548039	 6.006199	 0.037414	-0.000094	-12.397560	-0.000072	 4.250600	 11.149070	-0.604072	 5.362039	 5.329861	 4.489455	-1.701261	 3.587029	 23.098790	 1.701262	 3.587039	-20.847600	 16.418750	-4.903509	 8.433047	-76.517930	 26.305290	-7.123336	-12.070740	 18.961390	-117.987800	 44.405900	 30.117650	-49.440420	-44.836540	 13.835030	-13.522570	-45.565610	 0.000000	 0.000000	-17.073250	 0.000000	 0.000000	 9.408043	 3.404867	 19.719750	-9.781830	 0.000000	 0.000000	-5.933990	 0.000000	 0.000000	-4.459446	-0.576456	 7.350723	-10.335980	 0.000000	 0.000000	-1.632907	 0.000000	 0.000000	 9.822358	 1.885777	 10.761810	-3.452697	 0.000000	 0.000000	-2.330282	 0.000000	 0.000000	-9.150496	 53.229450	-21.390090	-14.473930	-6.099852	-4.067573	 4.590282	-0.705078	-0.717109	 10.849280	-4.764881	-11.219890	 60.229050	 38.028590	 22.143700	-0.920447	 2.510573	 116.551800	-59.501160	 38.856070	 47.462860	 37.130470	 12.391250	 15.823810	 49.884930	 0.000000	 0.000000	 12.342950	 0.000000	 0.000000	-9.408043	 3.404867	-19.719750	 14.825220	 0.000000	 0.000000	 13.010370	 0.000000	 0.000000	-1.084798	 0.077603	-4.091289	 14.316900	 0.000000	 0.000000	 5.989852	 0.000000	 0.000000	-9.724457	 2.342589	-13.415120	 13.426280	 0.000000	 0.000000	 7.953322	 0.000000	 0.000000	 6.243109	 47.852270	 25.141760	-7.720222	 67.332820	 21.206410	-4.590279	-0.705076	 0.717109	-0.000001	-6.013633	-0.000022	 0.000001	 2.614227	-0.000018	 0.000000	-3.498952	 0.000000	 0.000000	 0.248285	 0.000000	 0.000008	-6.013632	 0.000023	-0.000009	 2.614211	-0.000003	 0.000000	-3.498953	 0.000000	 0.000000	 0.248285	 0.000000
 0.000000	 1.032722	 0.003576	 0.000000	 0.000000	 0.000000	 4.548535	 5.172854	 4.273831	-9.548039	 6.006199	 0.037414	-0.000095	-12.397560	-0.000072	 4.250603	 11.149060	-0.604073	 5.362038	 5.329863	 4.489456	-1.701261	 3.587029	 23.098790	 1.701262	 3.587039	-20.847600	 16.418750	-4.903509	 8.433047	-76.517920	 26.305280	-7.123338	-12.070740	 18.961380	-117.987800	 44.405880	 30.117620	-49.440410	-44.836540	 13.835030	-13.522570	-45.565610	 0.000000	 0.000000	-17.073250	 0.000000	 0.000000	 9.408043	 3.404867	 19.719750	-9.781830	 0.000000	 0.000000	-5.933990	 0.000000	 0.000000	-4.459446	-0.576456	 7.350723	-10.335980	 0.000000	 0.000000	-1.632907	 0.000000	 0.000000	 9.822358	 1.885777	 10.761810	-3.452697	 0.000000	 0.000000	-2.330282	 0.000000	 0.000000	-9.150496	 53.229450	-21.390090	-14.473930	-6.099852	-4.067573	 4.590282	-0.705078	-0.717109	 10.849280	-4.764881	-11.219890	 60.229040	 38.028590	 22.143710	-0.920446	 2.510570	 116.551800	-59.501160	 38.856070	 47.462850	 37.130470	 12.391250	 15.823810	 49.884930	 0.000000	 0.000000	 12.342950	 0.000000	 0.000000	-9.408043	 3.404867	-19.719750	 14.825220	 0.000000	 0.000000	 13.010370	 0.000000	 0.000000	-1.084798	 0.077603	-4.091289	 14.316900	 0.000000	 0.000000	 5.989852	 0.000000	 0.000000	-9.724457	 2.342589	-13.415120	 13.426280	 0.000000	 0.000000	 7.953322	 0.000000	 0.000000	 6.243109	 47.852270	 25.141760	-7.720222	 67.332820	 21.206410	-4.590279	-0.705076	 0.717109	-0.000001	-6.013633	-0.000022	 0.000001	 2.614227	-0.000018	 0.000000	-3.498952	 0.000000	 0.000000	 0.248285	 0.000000	 0.000008	-6.013632	 0.000023	-0.000009	 2.614211	-0.000003	 0.000000	-3.498953	 0.000000	 0.000000	 0.248285	 0.000000
 0.000000	 1.032722	 0.003576	 0.000000	 0.000000	 0.000000	 4.548535	 5.172854	 4.273831	-9.548039	 6.006199	 0.037414	-0.000096	-12.397560	-0.000072	 4.250606	 11.149060	-0.604073	 5.362034	 5.329861	 4.489455	-1.701261	 3.587029	 23.098790	 1.701262	 3.587039	-20.847600	 16.418750	-4.903509	 8.433047	-76.517920	 26.305290	-7.123339	-12.070740	 18.961380	-117.987800	 44.405880	 30.117610	-49.440410	-44.836540	 13.835030	-13.522570	-45.565610	 0.000000	 0.000000	-17.073250	 0.000000	 0.000000	 9.408043	 3.404867	 19.719750	-9.781830	 0.000000	 0.000000	-5.933990	 0.000000	 0.000000	-4.459446	-0.576456	 7.350723	-10.335980	 0.000000	 0.000000	-1.632907	 0.000000	 0.000000	 9.822358	 1.885777	 10.761810	-3.452697	 0.000000	 0.000000	-2.330282	 0.000000	 0.000000	-9.150496	 53.229450	-21.390090	-14.473930	-6.099852	-4.067573	 4.590282	-0.705078	-0.717109	 10.849280	-4.764881	-11.219890	 60.229030	 38.028600	 22.143710	-0.920431	 2.510561	 116.551800	-59.501160	 38.856070	 47.462860	 37.130470	 12.391250	 15.823810	 49.884930	 0.000000	 0.000000	 12.342950	 0.000000	 0.000000	-9.408043	 3.404867	-19.719750	 14.825220	 0.000000	 0.000000	 13.010370	 0.000000	 0.000000	-1.084798	 0.077603	-4.091289	 14.316900	 0.000000	 0.000000	 5.989852	 0.000000	 0.000000	-9.724457	 2.342589	-13.415120	 13.426280	 0.000000	 0.000000	 7.953322	 0.000000	 0.000000	 6.243109	 47.852270	 25.141760	-7.720222	 67.332820	 21.206410	-4.590279	-0.705076	 0.717109	-0.000001	-6.013633	-0.000022	 0.000001	 2.614226	-0.000018	 0.000000	-3.498952	 0.000000	 0.000000	 0.248285	 0.000000	 0.000008	-6.013632	 0.000023	-0.000009	 2.614211	-0.000003	 0.000000	-3.498953	 0.000000	 0.000000	 0.248285	 0.000000
 0.000000	 1.032722	 0.003576	 0.000000	 0.000000	 0.000000	 4.548535	 5.172854	 4.273831	-9.548039	 6.006199	 0.037414	-0.000097	-12.397560	-0.000073	 4.250607	 11.149060	-0.604073	 5.362033	 5.329862	 4.489456	-1.701261	 3.587029	 23.098790	 1.701262	 3.587039	-20.847600	 16.418750	-4.903509	 8.433047	-76.517920	 26.305290	-7.123336	-12.070740	 18.961370	-117.987800	 44.405880	 30.117600	-49.440410	-44.836540	 13.835030	-13.522570	-45.565610	 0.000000	 0.000000	-17.073250	 0.000000	 0.000000	 9.408043	 3.404867	 19.719750	-9.781830	 0.000000	 0.000000	-5.933990	 0.000000	 0.000000	-4.459446	-0.576456	 7.350723	-10.335980	 0.000000	 0.000000	-1.632907	 0.000000	 0.000000	 9.822358	 1.885777	 10.761810	-3.452697	 0.000000	 0.000000	-2.330282	 0.000000	 0.000000	-9.150496	 53.229450	-21.390090	-14.473930	-6.099852	-4.067573	 4.590282	-0.705078	-0.717109	 10.849280	-4.764881	-11.219890	 60.229020	 38.028590	 22.143710	-0.920416	 2.510549	 116.551800	-59.501170	 38.856060	 47.462890	 37.130470	 12.391250	 15.823810	 49.884930	 0.000000	 0.000000	 12.342950	 0.000000	 0.000000	-9.408043	 3.404867	-19.719750	 14.825220	 0.000000	 0.000000	 13.010370	 0.000000	 0.000000	-1.084798	 0.077603	-4.091289	 14.316900	 0.000000	 0.000000	 5.989852	 0.000000	 0.000000	-9.724457	 2.342589	-13.415120	 13.426280	 0.000000	 0.000000	 7.953322	 0.000000	 0.000000	 6.243109	 47.852270	 25.141760	-7.720222	 67.332820	 21.206410	-4.590279	-0.705076	 0.717109	-0.000001	-6.013633	-0.000022	 0.000001	 2.614226	-0.000018	 0.000000	-3.498952	 0.000000	 0.000000	 0.248285	 0.000000	 0.000008	-6.013632	 0.000023	-0.000009	 2.614211	-0.000003	 0.000000	-3.498953	 0.000000	 0.000000	 0.248285	 0.000000
 0.000000	 1.032722	 0.003576	 0.000000	 0.000000	 0.000000	 4.548535	 5.172854	 4.273831	-9.548039	 6.006199	 0.037414	-0.000098	-12.397560	-0.000073	 4.250610	 11.149070	-0.604074	 5.362031	 5.329860	 4.489456	-1.701261	 3.587029	 23.098790	 1.701262	 3.587039	-20.847600	 16.418750	-4.903509	 8.433047	-76.517910	 26.305290	-7.123341	-12.070740	 18.961360	-117.987800	 44.405860	 30.117600	-49.440400	-44.836540	 13.835030	-13.522570	-45.565610	 0.000000	 0.000000	-17.073250	 0.000000	 0.000000	 9.408043	 3.404867	 19.719750	-9.781830	 0.000000	 0.000000	-5.933990	 0.000000	 0.000000	-4.459446	-0.576456	 7.350723	-10.335980	 0.000000	 0.000000	-1.632907	 0.000000	 0.000000	 9.822358	 1.885777	 10.761810	-3.452697	 0.000000	 0.000000	-2.330282	 0.000000	 0.000000	-9.150496	 53.229450	-21.390090	-14.473930	-6.099852	-4.067573	 4.590282	-0.705078	-0.717109	 10.849280	-4.764881	-11.219890	 60.229020	 38.028590	 22.143700	-0.920417	 2.510549	 116.551800	-59.501170	 38.856080	 47.462880	 37.130470	 12.391250	 15.823810	 49.884930	 0.000000	 0.000000	 12.342950	 0.000000	 0.000000	-9.408043	 3.404867	-19.719750	 14.825220	 0.000000	 0.000000	 13.010370	 0.000000	 0.000000	-1.084798	 0.077603	-4.091289	 14.316900	 0.000000	 0.000000	 5.989852	 0.000000	 0.000000	-9.724457	 2.342589	-13.415120	 13.426280	 0.000000	 0.000000	 7.953322	 0.000000	 0.000000	 6.243109	 47.852270	 25.141760	-7.720222	 67.332820	 21.206410	-4.590279	-0.705076	 0.717109	-0.000001	-6.013633	-0.000022	 0.000001	 2.614226	-0.000018	 0.000000	-3.498952	 0.000000	 0.000000	 0.248285	 0.000000	 0.000008	-6.013632	 0.000023	-0.000009	 2.614211	-0.000003	 0.000000	-3.498953	 0.000000	 0.000000	 0.248285	 0.000000
 0.000000	 1.032722	 0.003576	 0.000000	 0.000000	 0.000000	 4.548535	 5.172854	 4.273831	-9.548039	 6.006199	 0.037414	-0.000099	-12.397560	-0.000073	 4.250612	 11.149070	-0.604074	 5.362030	 5.329859	 4.489456	-1.701261	 3.587029	 23.098790	 1.701262	 3.587039	-20.847600	 16.418750	-4.903509	 8.433047	-76.517900	 26.305290	-7.123343	-12.070750	 18.961360	-117.987800	 44.405850	 30.117600	-49.440400	-44.836540	 13.835030	-13.522570	-45.565610	 0.000000	 0.000000	-17.073250	 0.000000	 0.000000	 9.408043	 3.404867	 19.719750	-9.781830	 0.000000	 0.000000	-5.933990	 0.000000	 0.000000	-4.459446	-0.576456	 7.350723	-10.335980	 0.000000	 0.000000	-1.632907	 0.000000	 0.000000	 9.822358	 1.885777	 10.761810	-3.452697	 0.000000	 0.000000	-2.330282	 0.000000	 0.000000	-9.150496	 53.229450	-21.390090	-14.473930	-6.099852	-4.067573	 4.590282	-0.705078	-0.717109	 10.849280	-4.764881	-11.219890	 60.229020	 38.028590	 22.143700	-0.920414	 2.510549	 116.551800	-59.501180	 38.856090	 47.462890	 37.130470	 12.391250	 15.823810	 49.884930	 0.000000	 0.000000	 12.342950	 0.000000	 0.000000	-9.408043	 3.404867	-19.719750	 14.825220	 0.000000	 0.000000	 13.010370	 0.000000	 0.000000	-1.084798	 0.077603	-4.091289	 14.316900	 0.000000	 0.000000	 5.989852	 0.000000	 0.000000	-9.724457	 2.342589	-13.415120	 13.426280	 0.000000	 0.000000	 7.953322	 0.000000	 0.000000	 6.243109	 47.852270	 25.141760	-7.720222	 67.332820	 21.206410	-4.590279	-0.705076	 0.717109	-0.000001	-6.013633	-0.000022	 0.000001	 2.614226	-0.000018	 0.000000	-3.498952	 0.000000	 0.000000	 0.248285	 0.000000	 0.000008	-6.013632	 0.000023	-0.000009	 2.614211	-0.000003	 0.000000	-3.498953	 0.000000	 0.000000	 0.248285	 0.000000
 0.000000	 1.032722	 0.003576	 0.000000	 0.000000	 0.000000	 4.548535	 5.172854	 4.273831	-9.548039	 6.006199	 0.037414	-0.000100	-12.397560	-0.000073	 4.250614	 11.149070	-0.604074	 5.362027	 5.329860	 4.489454	-1.701261	 3.587029	 23.098790	 1.701262	 3.587039	-20.847600	 16.418750	-4.903509	 8.433047	-76.517900	 26.305290	-7.123339	-12.070740	 18.961360	-117.987900	 44.405840	 30.117600	-49.440390	-44.836540	 13.835030	-13.522570	-45.565610	 0.000000	 0.000000	-17.073250	 0.000000	 0.000000	 9.408043	 3.404867	 19.719750	-9.781830	 0.000000	 0.000000	-5.933990	 0.000000	 0.000000	-4.459446	-0.576456	 7.350723	-10.335980	 0.000000	 0.000000	-1.632907	 0.000000	 0.000000	 9.822358	 1.885777	 10.761810	-3.452697	 0.000000	 0.000000	-2.330282	 0.000000	 0.000000	-9.150496	 53.229450	-21.390090	-14.473930	-6.099852	-4.067573	 4.590282	-0.705078	-0.717109	 10.849280	-4.764881	-11.219890	 60.229020	 38.028600	 22.143710	-0.920417	 2.510543	 116.551800	-59.501180	 38.856090	 47.462890	 37.130470	 12.391250	 15.823810	 49.884930	 0.000000	 0.000000	 12.342950	 0.000000	 0.000000	-9.408043	 3.404867	-19.719750	 14.825220	 0.000000	 0.000000	 13.010370	 0.000000	 0.000000	-1.084798	 0.077603	-4.091289	 14.316900	 0.000000	 0.000000	 5.989852	 0.000000	 0.000000	-9.724457	 2.342589	-13.415120	 13.426280	 0.000000	 0.000000	 7.953322	 0.000000	 0.000000	 6.243109	 47.852270	 25.141760	-7.720222	 67.332820	 21.206410	-4.590279	-0.705076	 0.717109	-0.000001	-6.013633	-0.000022	 0.000001	 2.614225	-0.000018	 0.000000	-3.498952	 0.000000	 0.000000	 0.248285	 0.000000	 0.000008	-6.013632	 0.000023	-0.000009	 2.614211	-0.000003	 0.000000	-3.498953	 0.000000	 0.000000	 0.248285	 0.000000
 0.000000	 1.032722	 0.003576	 0.000000	 0.000000	 0.000000	 4.548535	 5.172854	 4.273831	-9.548039	 6.006199	 0.037414	-0.000100	-12.397560	-0.000073	 4.250616	 11.149060	-0.604075	 5.362027	 5.329862	 4.489454	-1.701261	 3.587029	 23.098790	 1.701262	 3.587039	-20.847600	 16.418750	-4.903509	 8.433047	-76.517910	 26.305290	-7.123330	-12.070710	 18.961370	-117.987900	 44.405840	 30.117610	-49.440390	-44.836540	 13.835030	-13.522570	-45.565610	 0.000000	 0.000000	-17.073250	 0.000000	 0.000000	 9.408043	 3.404867	 19.719750	-9.781830	 0.000000	 0.000000	-5.933990	 0.000000	 0.000000	-4.459446	-0.576456	 7.350723	-10.335980	 0.000000	 0.000000	-1.632907	 0.000000	 0.000000	 9.822358	 1.885777	 10.761810	-3.452697	 0.000000	 0.000000	-2.330282	 0.000000	 0.000000	-9.150496	 53.229450	-21.390090	-14.473930	-6.099852	-4.067573	 4.590282	-0.705078	-0.717109	 10.849280	-4.764881	-11.219890	 60.229020	 38.028600	 22.143700	-0.920425	 2.510535	 116.551800	-59.501190	 38.856080	 47.462890	 37.130470	 12.391250	 15.823810	 49.884930	 0.000000	 0.000000	 12.342950	 0.000000	 0.000000	-9.408043	 3.404867	-19.719750	 14.825220	 0.000000	 0.000000	 13.010370	 0.000000	 0.000000	-1.084798	 0.077603	-4.091289	 14.316900	 0.000000	 0.000000	 5.989852	 0.000000	 0.000000	-9.724457	 2.342589	-13.415120	 13.426280	 0.000000	 0.000000	 7.953322	 0.000000	 0.000000	 6.243109	 47.852270	 25.141760	-7.720222	 67.332820	 21.206410	-4.590279	-0.705076	 0.717109	-0.000001	-6.013633	-0.000022	 0.000001	 2.614225	-0.000018	 0.000000	-3.498952	 0.000000	 0.000000	 0.248285	 0.000000	 0.000008	-6.013632	 0.000023	-0.000009	 2.614211	-0.000003	 0.000000	-3.498953	 0.000000	 0.000000	 0.248285	 0.000000
 0.000000	 1.032722	 0.003576	 0.000000	 0.000000	 0.000000	 4.548535	 5.172854	 4.273831	-9.548039	 6.006199	 0.037414	-0.000101	-12.397560	-0.000073	 4.250618	 11.149070	-0.604075	 5.362023	 5.329859	 4.489453	-1.701261	 3.587029	 23.098790	 1.701262	 3.587039	-20.847600	 16.418750	-4.903509	 8.433047	-76.517910	 26.305290	-7.123332	-12.070700	 18.961360	-117.987900	 44.405840	 30.117600	-49.440360	-44.836540	 13.835030	-13.522570	-45.565610	 0.000000	 0.000000	-17.073250	 0.000000	 0.000000	 9.408043	 3.404867	 19.719750	-9.781830	 0.000000	 0.000000	-5.933990	 0.000000	 0.000000	-4.459446	-0.576456	 7.350723	-10.335980	 0.000000	 0.000000	-1.632907	 0.000000	 0.000000	 9.822358	 1.885777	 10.761810	-3.452697	 0.000000	 0.000000	-2.330282	 0.000000	 0.000000	-9.150496	 53.229450	-21.390090	-14.473930	-6.099852	-4.067573	 4.590282	-0.705078	-0.717109	 10.849280	-4.764881	-11.219890	 60.229020	 38.028600	 22.143700	-0.920426	 2.510534	 116.551800	-59.501210	 38.856070	 47.462890	 37.130470	 12.391250	 15.823810	 49.884930	 0.000000	 0.000000	 12.342950	 0.000000	 0.000000	-9.408043	 3.404867	-19.719750	 14.825220	 0.000000	 0.000000	 13.010370	 0.000000	 0.000000	-1.084798	 0.077603	-4.091289	 14.316900	 0.000000	 0.000000	 5.989852	 0.000000	 0.000000	-9.724457	 2.342589	-13.415120	 13.426280	 0.000000	 0.000000	 7.953322	 0.000000	 0.000000	 6.243109	 47.852270	 25.141760	-7.720222	 67.332820	 21.206410	-4.590279	-0.705076	 0.717109	-0.000001	-6.013633	-0.000022	 0.000001	 2.614225	-0.000018	 0.000000	-3.498952	 0.000000	 0.000000	 0.248285	 0.000000	 0.000008	-6.013632	 0.000023	-0.000009	 2.614211	-0.000003	 0.000000	-3.498953	 0.000000	 0.000000	 0.248285	 0.000000
 0.000000	 1.032722	 0.003576	 0.000000	 0.000000	 0.000000	 4.303142	 5.224685	 4.219855	-9.199618	 5.946196	 0.033002	-0.000102	-12.397560	-0.000073	 4.122030	 11.136590	-0.587932	 5.567439	 5.283025	 4.278623	-1.701261	 3.587029	 23.098790	 1.701262	 3.587039	-20.847600	 16.325760	-4.865763	 8.400274	-76.679450	 26.200240	-6.977630	-12.162620	 18.736600	-117.653000	 43.084600	 29.871630	-48.223710	-45.800480	 14.021450	-13.257560	-44.859790	 0.000000	 0.000000	-16.976960	 0.000000	 0.000000	 9.408043	 3.404867	 19.719750	-9.835674	 0.000000	 0.000000	-6.064884	 0.000000	 0.000000	-4.156712	-0.539452	 7.381487	-9.329465	 0.000000	 0.000000	-1.448074	 0.000000	 0.000000	 9.836676	 1.808869	 10.317690	-2.683361	 0.000000	 0.000000	-2.509753	 0.000000	 0.000000	-8.951597	 53.608230	-21.663650	-14.586340	-5.790103	-3.786001	 4.590282	-0.705078	-0.717109	 10.793190	-4.727929	-11.197470	 60.146490	 37.917810	 22.012140	-0.483302	 2.363706	 116.302400	-58.816790	 37.815710	 47.694330	 38.184760	 12.680720	 15.594960	 49.322040	 0.000000	 0.000000	 12.341090	 0.000000	 0.000000	-9.417613	 3.378097	-19.557980	 15.396310	 0.000000	 0.000000	 13.442950	 0.000000	 0.000000	-1.203068	 0.089221	-4.240757	 14.175790	 0.000000	 0.000000	 6.341679	 0.000000	 0.000000	-9.745069	 2.254495	-12.901220	 13.743740	 0.000000	 0.000000	 8.149482	 0.000000	 0.000000	 6.907987	 47.745420	 24.408390	-11.689930	 70.280590	 25.387080	-4.590279	-0.705076	 0.717109	-0.000001	-6.013633	-0.000022	 0.000001	 2.614225	-0.000018	 0.000000	-3.498952	 0.000000	 0.000000	 0.248285	 0.000000	 0.000008	-6.013632	 0.000023	-0.000009	 2.614212	-0.000003	 0.000000	-3.498953	 0.000000	 0.000000	 0.248285	 0.000000
 0.000000	 1.032722	 0.003576	 0.000000	 0.000000	 0.000000	 3.968944	 5.247232	 4.201538	-8.708158	 5.929057	 0.036467	-0.000101	-12.397560	-0.000073	 3.919163	 11.113490	-0.564800	 5.724377	 5.250066	 4.224168	-1.701261	 3.587029	 23.098790	 1.701262	 3.587039	-20.847600	 16.153410	-4.847814	 8.381179	-76.694580	 26.072910	-6.878051	-12.277380	 18.768640	-117.516300	 42.173080	 29.633380	-47.472390	-47.202570	 14.370700	-12.942420	-43.029080	 0.000000	 0.000000	-16.542280	 0.000000	 0.000000	 9.408043	 3.404867	 19.719750	-10.364870	 0.000000	 0.000000	-6.109425	 0.000000	 0.000000	-4.146223	-0.553298	 7.587759	-8.575835	 0.000000	 0.000000	-1.585356	 0.000000	 0.000000	 9.842034	 1.779200	 10.146540	-2.817445	 0.000000	 0.000000	-2.533196	 0.000000	 0.000000	-9.144319	 54.029260	-21.653530	-14.700240	-5.575832	-3.518440	 4.590282	-0.705078	-0.717109	 10.656600	-4.711823	-11.166030	 60.122880	 37.768260	 21.796540	-0.180734	 2.486919	 116.134600	-58.482890	 36.887810	 47.734200	 39.138050	 12.938330	 15.383600	 48.581220	 0.000000	 0.000000	 12.336720	 0.000000	 0.000000	-9.408043	 3.404867	-19.719750	 16.432510	 0.000000	 0.000000	 13.653920	 0.000000	 0.000000	-1.178812	 0.090123	-4.371270	 14.310050	 0.000000	 0.000000	 6.520712	 0.000000	 0.000000	-9.751026	 2.228340	-12.748860	 14.215210	 0.000000	 0.000000	 8.137332	 0.000000	 0.000000	 7.537168	 47.557670	 23.936130	-8.217822	 67.887970	 22.358460	-4.590279	-0.705076	 0.717109	-0.000001	-6.013633	-0.000022	 0.000001	 2.614225	-0.000018	 0.000000	-3.498952	 0.000000	 0.000000	 0.248285	 0.000000	 0.000008	-6.013632	 0.000023	-0.000009	 2.614213	-0.000003	 0.000000	-3.498953	 0.000000	 0.000000	 0.248285	 0.000000
 0.000000	 1.032722	 0.003576	 0.000000	 0.000000	 0.000000	 3.968944	 5.247232	 4.201538	-8.708158	 5.929057	 0.036467	-0.000102	-12.397560	-0.000073	 3.919164	 11.113490	-0.564800	 5.724375	 5.250067	 4.224168	-1.701261	 3.587029	 23.098790	 1.701262	 3.587039	-20.847600	 16.153410	-4.847814	 8.381179	-76.694580	 26.072900	-6.878050	-12.277360	 18.768650	-117.516300	 42.173090	 29.633370	-47.472390	-47.202570	 14.370700	-12.942420	-43.029080	 0.000000	 0.000000	-16.542280	 0.000000	 0.000000	 9.408043	 3.404867	 19.719750	-10.364870	 0.000000	 0.000000	-6.109425	 0.000000	 0.000000	-4.146223	-0.553298	 7.587759	-8.575835	 0.000000	 0.000000	-1.585356	 0.000000	 0.000000	 9.842034	 1.779200	 10.146540	-2.817445	 0.000000	 0.000000	-2.533196	 0.000000	 0.000000	-9.144319	 54.029260	-21.653530	-14.700240	-5.575832	-3.518440	 4.590282	-0.705078	-0.717109	 10.656600	-4.711823	-11.166030	 60.122920	 37.768280	 21.796530	-0.180778	 2.486925	 116.134600	-58.482890	 36.887810	 47.734190	 39.138050	 12.938330	 15.383600	 48.581220	 0.000000	 0.000000	 12.336720	 0.000000	 0.000000	-9.408043	 3.404867	-19.719750	 16.432510	 0.000000	 0.000000	 13.653920	 0.000000	 0.000000	-1.178812	 0.090123	-4.371270	 14.310050	 0.000000	 0.000000	 6.520712	 0.000000	 0.000000	-9.751026	 2.228340	-12.748860	 14.215210	 0.000000	 0.000000	 8.137332	 0.000000	 0.000000	 7.537168	 47.557670	 23.936130	-8.217822	 67.887970	 22.358460	-4.590279	-0.705076	 0.717109	-0.000001	-6.013633	-0.000022	 0.000001	 2.614225	-0.000018	 0.000000	-3.498952	 0.000000	 0.000000	 0.248285	 0.000000	 0.000008	-6.013632	 0.000023	-0.000009	 2.614213	-0.000003	 0.000000	-3.498953	 0.000000	 0.000000	 0.248285	 0.000000
 0.000000	 1.032722	 0.003576	 0.000000	 0.000000	 0.000000	 3.968944	 5.247232	 4.201538	-8.708158	 5.929057	 0.036467	-0.000103	-12.397560	-0.000074	 3.919165	 11.113490	-0.564800	 5.724377	 5.250066	 4.224166	-1.701261	 3.587029	 23.098790	 1.701262	 3.587039	-20.847600	 16.153410	-4.847814	 8.381179	-76.694580	 26.072900	-6.878051	-12.277350	 18.768640	-117.516300	 42.173080	 29.633390	-47.472370	-47.202570	 14.370700	-12.942420	-43.029080	 0.000000	 0.000000	-16.542280	 0.000000	 0.000000	 9.408043	 3.404867	 19.719750	-10.364870	 0.000000	 0.000000	-6.109425	 0.000000	 0.000000	-4.146223	-0.553298	 7.587759	-8.575835	 0.000000	 0.000000	-1.585356	 0.000000	 0.000000	 9.842034	 1.779200	 10.146540	-2.817445	 0.000000	 0.000000	-2.533196	 0.000000	 0.000000	-9.144319	 54.029260	-21.653530	-14.700240	-5.575832	-3.518440	 4.590282	-0.705078	-0.717109	 10.656600	-4.711823	-11.166030	 60.122960	 37.768280	 21.796510	-0.180819	 2.486936	 116.134600	-58.482910	 36.887810	 47.734180	 39.138050	 12.938330	 15.383600	 48.581220	 0.000000	 0.000000	 12.336720	 0.000000	 0.000000	-9.408043	 3.404867	-19.719750	 16.432510	 0.000000	 0.000000	 13.653920	 0.000000	 0.000000	-1.178812	 0.090123	-4.371270	 14.310050	 0.000000	 0.000000	 6.520712	 0.000000	 0.000000	-9.751026	 2.228340	-12.748860	 14.215210	 0.000000	 0.000000	 8.137332	 0.000000	 0.000000	 7.537168	 47.557670	 23.936130	-8.217822	 67.887970	 22.358460	-4.590279	-0.705076	 0.717109	-0.000001	-6.013633	-0.000022	 0.000001	 2.614225	-0.000018	 0.000000	-3.498952	 0.000000	 0.000000	 0.248285	 0.000000	 0.000008	-6.013632	 0.000023	-0.000009	 2.614213	-0.000003	 0.000000	-3.498953	 0.000000	 0.000000	 0.248285	 0.000000
